RTH #,Opt RTH,TH,SH Freq,SH Freq Ra1k,Group
1,1,一,1.58%,2,1
2,2,二,0.14%,157,1
3,3,三,0.16%,125,1
4,22,四,0.10%,226,1
5,260,五,0.08%,279,1
6,75,六,0.04%,478,1
7,31,七,0.04%,530,1
8,19,八,0.05%,451,1
9,23,九,0.05%,445,1
10,4,十,0.18%,112,1
11,5,口,0.10%,212,1
12,6,日,0.19%,101,1
13,7,月,0.12%,169,1
14,601,田,0.02%,778,1
15,8,目,0.09%,239,1
16,307,古,0.04%,509,
17,602,胡,0.02%,806,
18,1704,吾,0.01%,1649,
19,603,朋,0.02%,882,1
20,9,明,0.16%,121,1
21,1200,唱,0.01%,1252,1
22,1498,晶,0.01%,1725,
23,308,品,0.07%,308,
24,1499,昌,0.01%,1606,
25,309,早,0.05%,462,1
26,2612,旭,0.00%,2846,
27,10,世,0.11%,181,
28,1797,胃,0.00%,1957,1
29,1201,旦,0.01%,1300,
30,2610,凹,0.00%,2862,
31,2611,凸,0.00%,2857,
32,11,自,0.32%,43,1
33,12,白,0.08%,286,1
34,13,百,0.05%,407,1
35,2798,皂,0.00%,3087,
36,14,中,0.57%,14,1
37,15,千,0.04%,599,1
38,1798,舌,0.00%,1958,
39,604,升,0.02%,837,
40,2956,昇,0.02%,837,
41,2361,丸,0.00%,2462,?
42,1799,卜,0.00%,1979,
43,605,占,0.03%,737,
44,16,上,0.55%,16,1
45,17,下,0.32%,42,1
46,606,卡,0.03%,717,
47,1800,卓,0.00%,1942,
48,310,朝,0.04%,593,
49,2085,嘲,0.00%,2325,
50,18,只,0.19%,97,
51,900,貝,0.01%,1133,1
52,1203,貼,0.01%,1454,1
53,2086,貞,0.00%,2366,
54,20,員,0.10%,200,1
55,21,見,0.14%,153,1
56,311,元,0.06%,370,
57,901,頁,0.01%,1128,
58,1803,頑,0.00%,2024,
59,902,凡,0.02%,1013,
60,1804,肌,0.00%,1935,
61,607,負,0.03%,691,
62,2362,勻,0.00%,2692,
63,608,句,0.03%,707,
64,2087,旬,0.00%,2332,
65,2797,勺,0.00%,3275,
66,24,的,4.10%,1,1
67,312,首,0.04%,481,
68,25,直,0.09%,255,1
69,609,置,0.03%,677,
70,313,具,0.06%,391,1
71,26,真,0.10%,204,1
72,27,工,0.16%,118,1
73,610,左,0.02%,782,1
74,611,右,0.02%,783,1
75,28,有,0.92%,8,1
76,2363,賄,0.00%,2569,
77,1500,貢,0.01%,1548,
78,314,項,0.04%,571,
79,903,刀,0.01%,1067,1
80,2364,刃,0.00%,2700,
81,315,切,0.07%,337,
82,1204,召,0.01%,1214,
83,2088,昭,0.00%,2190,
84,29,則,0.08%,284,
85,612,副,0.02%,764,
86,904,丁,0.01%,1168,
87,2365,叮,0.00%,2611,
88,30,可,0.37%,30,1
89,613,哥,0.02%,804,1
90,905,頂,0.02%,1000,
91,1807,乙,0.00%,1872,
92,32,子,0.33%,37,1
93,1205,孔,0.01%,1289,
94,2091,吼,0.00%,2151,
95,33,了,1.10%,5,1
96,34,女,0.10%,224,1
97,35,好,0.21%,82,1
98,36,如,0.23%,67,1
99,316,母,0.04%,565,1
100,1206,貫,0.01%,1478,
101,906,兄,0.01%,1089,
102,37,克,0.09%,262,
103,38,小,0.21%,83,1
104,39,少,0.09%,233,1
105,1809,吵,0.00%,2040,
106,40,大,0.55%,17,1
107,1207,尖,0.01%,1321,
108,1810,夕,0.00%,2003,
109,41,多,0.25%,61,1
110,317,夠,0.04%,538,1
111,42,外,0.15%,131,1
112,43,名,0.10%,203,1
113,1208,厚,0.01%,1235,
114,318,石,0.05%,414,1
115,2615,砂,0.00%,2713,
116,1209,妙,0.01%,1250,1
117,1811,肖,0.00%,2019,
118,1501,削,0.00%,1794,
119,44,光,0.08%,290,1
120,45,太,0.09%,240,1
121,614,省,0.03%,666,
122,319,奇,0.04%,563,1
123,909,川,0.01%,1109,
124,615,州,0.03%,721,
125,910,順,0.02%,938,
126,46,水,0.10%,202,1
127,616,永,0.02%,842,
128,320,求,0.07%,312,
129,1503,泉,0.01%,1641,
130,47,原,0.11%,193,
131,321,願,0.04%,598,
132,2957,沖,0.03%,702,
133,2366,泳,0.00%,2607,1
134,617,洲,0.03%,701,
135,2367,沼,0.00%,2480,
136,618,沙,0.02%,848,1
137,322,江,0.04%,577,
138,2368,汁,0.00%,2540,
139,1210,潮,0.01%,1302,
140,619,源,0.03%,670,
141,48,活,0.10%,219,
142,323,消,0.05%,439,
143,324,況,0.05%,419,
144,325,河,0.04%,574,1
145,911,湖,0.02%,918,
146,620,測,0.02%,861,
147,326,土,0.04%,515,1
148,912,均,0.02%,903,
149,1504,肚,0.00%,1800,1
150,1812,填,0.00%,1970,
151,1505,吐,0.01%,1653,
152,2369,哇,0.00%,2433,
153,1813,寸,0.00%,1904,
154,621,封,0.02%,871,
155,1814,寺,0.00%,1892,
156,49,時,0.43%,25,
157,327,火,0.05%,433,1
158,1211,灰,0.01%,1311,
159,1212,煩,0.01%,1253,
160,1213,炎,0.01%,1324,
161,1214,淡,0.01%,1293,
162,1215,災,0.01%,1349,
163,328,照,0.05%,443,
164,622,魚,0.02%,852,1
165,1506,漁,0.00%,1770,
166,2801,堯,0.00%,3264,
167,1216,燒,0.01%,1201,
168,1217,曉,0.01%,1357,
169,50,里,0.28%,50,
170,51,量,0.09%,241,
171,1507,埋,0.01%,1640,
172,329,黑,0.04%,519,
173,52,點,0.16%,128,
174,1218,墨,0.01%,1493,
175,1219,冒,0.01%,1222,
176,53,同,0.23%,69,
177,914,洞,0.02%,1015,
178,54,向,0.14%,146,
179,623,尚,0.02%,878,
180,330,字,0.06%,393,
181,624,守,0.02%,796,
182,331,完,0.07%,301,
183,55,實,0.19%,100,
184,625,宣,0.02%,770,
185,2803,宵,0.00%,3131,
186,56,安,0.09%,232,
187,2096,宴,0.00%,2155,
188,1508,寄,0.01%,1611,
189,626,富,0.03%,733,
190,2620,貯,0.00%,2824,
191,627,木,0.03%,694,1
192,332,林,0.06%,364,1
193,915,森,0.02%,1029,1
194,916,植,0.01%,1124,
195,2622,杏,0.00%,2790,
196,1221,呆,0.01%,1338,
197,2098,枯,0.00%,2188,
198,628,村,0.03%,712,
199,57,相,0.14%,152,
200,58,本,0.20%,92,
201,333,案,0.04%,518,
202,334,未,0.06%,385,
203,917,末,0.01%,1164,
204,2375,沫,0.00%,2495,
205,629,味,0.02%,844,
206,918,妹,0.01%,1185,1
207,335,查,0.05%,459,
208,2805,渣,0.00%,3196,
209,919,染,0.01%,1141,
210,336,李,0.04%,472,
211,920,桌,0.01%,1193,
212,630,若,0.03%,651,
213,631,草,0.02%,789,1
214,632,苦,0.03%,634,
215,921,寬,0.01%,1155,
216,922,葉,0.02%,920,1
217,923,莫,0.02%,955,
218,633,模,0.03%,689,
219,1510,漠,0.00%,1777,
220,1818,墓,0.00%,1816,
221,1819,苗,0.00%,1920,
222,2376,瞄,0.00%,2565,
223,2101,兆,0.00%,2246,
224,1822,桃,0.00%,1839,
225,2381,犬,0.00%,2649,1
226,926,尤,0.01%,1099,
227,927,默,0.02%,1031,
228,59,然,0.26%,55,
229,1224,哭,0.01%,1210,1
230,337,器,0.05%,441,
231,2102,臭,0.00%,2105,
232,1225,狗,0.01%,1281,1
233,1514,厭,0.01%,1633,
234,634,壓,0.02%,756,
235,928,牛,0.02%,1018,1
236,60,特,0.12%,173,
237,338,告,0.07%,310,
238,1823,浩,0.00%,1864,
239,61,先,0.11%,188,
240,1226,洗,0.01%,1247,1
241,635,介,0.02%,831,
242,62,界,0.08%,288,
243,1227,茶,0.01%,1272,
244,63,會,0.38%,29,
245,64,合,0.12%,171,
246,636,哈,0.03%,713,
247,930,塔,0.02%,1030,
248,65,王,0.07%,299,1
249,931,玉,0.02%,1001,
250,637,球,0.03%,628,
251,66,現,0.22%,70,
252,932,玩,0.01%,1072,1
253,933,狂,0.01%,1147,
254,638,皇,0.02%,759,
255,2104,煌,0.00%,2276,
256,1518,呈,0.01%,1563,
257,67,全,0.16%,124,
258,68,理,0.21%,89,
259,69,主,0.21%,87,
260,339,注,0.04%,492,
261,70,金,0.09%,260,1
262,1519,銅,0.00%,1772,
263,2105,釣,0.00%,2305,
264,934,針,0.01%,1116,
265,2106,釘,0.00%,2267,
266,1824,銘,0.00%,2061,
267,935,鎮,0.02%,1002,
268,71,道,0.28%,52,
269,340,導,0.06%,343,
270,937,迅,0.01%,1090,
271,341,造,0.06%,354,
272,1523,巡,0.01%,1544,
273,2383,逛,0.00%,2642,
274,342,車,0.06%,361,1
275,343,連,0.06%,399,
276,1827,蓮,0.00%,1837,
277,72,前,0.20%,93,
278,2110,剪,0.00%,2227,
279,938,輸,0.02%,939,
280,2384,逾,0.00%,2610,
281,73,各,0.10%,209,
282,344,格,0.07%,325,
283,345,客,0.04%,583,
284,939,額,0.02%,936,
285,940,夏,0.01%,1126,
286,941,洛,0.02%,978,
287,346,落,0.04%,496,
288,2931,冗,0.00%,3642,
289,640,沉,0.03%,747,
290,74,軍,0.19%,102,
291,1525,輝,0.01%,1623,
292,347,運,0.06%,345,
293,1526,冠,0.01%,1713,
294,641,夢,0.02%,865,
295,2112,坑,0.00%,2242,
296,76,高,0.15%,134,
297,1231,享,0.01%,1227,
298,944,熟,0.02%,1035,
299,1829,亭,0.00%,2002,
300,642,亮,0.02%,840,
301,348,京,0.04%,566,
302,1527,涼,0.01%,1581,
303,643,景,0.02%,814,
304,77,就,0.40%,27,
305,349,周,0.04%,490,
306,2961,週,0.04%,490,
307,350,士,0.06%,372,
308,644,吉,0.02%,856,
309,645,買,0.02%,758,
310,945,賣,0.02%,974,
311,78,書,0.08%,282,1
312,646,畫,0.02%,883,
313,351,劃,0.04%,522,
314,352,攻,0.04%,588,
315,647,敗,0.02%,862,
316,353,故,0.04%,572,
317,648,救,0.02%,872,
318,1232,敬,0.01%,1209,
319,2388,敞,0.00%,2592,
320,354,言,0.06%,355,
321,649,警,0.03%,687,
322,79,計,0.09%,251,
323,1528,獄,0.01%,1597,
324,650,討,0.02%,833,
325,946,訓,0.02%,1022,
326,80,話,0.12%,170,
327,947,詩,0.02%,906,
328,551,語,0.04%,493,
329,651,讀,0.03%,752,
330,355,調,0.06%,400,
331,356,談,0.04%,474,
332,81,這,0.80%,11,
333,357,式,0.07%,303,
334,652,試,0.03%,643,
335,1532,戈,0.01%,1695,
336,82,或,0.13%,160,
337,1833,賊,0.00%,2001,
338,951,載,0.02%,977,
339,653,鐵,0.02%,779,
340,2119,茂,0.00%,2309,
341,83,成,0.26%,59,
342,358,城,0.05%,413,
343,952,誠,0.01%,1154,
344,654,威,0.03%,622,
345,953,滅,0.02%,953,
346,2964,咸,0.00%,2525,
347,655,減,0.02%,857,
348,359,單,0.06%,389,
349,84,戰,0.14%,145,
350,656,錢,0.03%,603,
351,1533,淺,0.01%,1721,
352,2390,賤,0.00%,2589,
353,360,止,0.04%,596,
354,361,步,0.06%,349,
355,1235,涉,0.01%,1239,
356,1534,頻,0.01%,1535,
357,658,肯,0.02%,860,
358,362,企,0.05%,450,
359,659,歲,0.02%,772,
360,363,武,0.04%,501,
361,1535,賦,0.01%,1747,
362,85,正,0.15%,129,
363,86,政,0.14%,150,
364,87,定,0.22%,77,
365,88,走,0.10%,207,
366,660,超,0.02%,754,
367,364,越,0.05%,440,
368,89,是,1.35%,3,
369,90,題,0.10%,218,
370,91,建,0.09%,244,
371,955,延,0.01%,1103,
372,1835,誕,0.00%,1997,
373,661,楚,0.02%,859,
374,956,礎,0.02%,1014,
375,662,衣,0.03%,725,
376,2966,裡,0.28%,50,
377,1536,哀,0.01%,1751,
378,1537,袁,0.01%,1755,
379,365,遠,0.06%,386,
380,663,壞,0.02%,832,
381,664,初,0.03%,667,
382,2121,巾,0.00%,2281,
383,366,布,0.06%,380,
384,1538,帽,0.01%,1750,
385,1237,幕,0.01%,1315,
386,1838,棉,0.00%,1967,
387,665,幫,0.02%,769,
388,92,市,0.09%,254,
389,1839,肺,0.00%,2044,
390,367,帶,0.06%,342,
391,2122,滯,0.00%,2302,
392,957,刺,0.01%,1058,
393,93,制,0.13%,163,
394,2967,製,0.13%,163,
395,2968,云,0.03%,692,
396,958,雨,0.02%,928,1
397,666,雲,0.03%,692,
398,667,雷,0.03%,686,
399,94,電,0.10%,230,
400,2396,霜,0.00%,2631,
401,959,冰,0.01%,1070,
402,1238,冬,0.01%,1384,1
403,95,天,0.22%,78,1
404,2815,夭,0.00%,3079,
405,1239,喬,0.01%,1488,
406,1240,橋,0.01%,1292,
407,2123,嬌,0.00%,2158,
408,96,立,0.11%,197,
409,2397,泣,0.00%,2449,
410,368,站,0.04%,544,
411,369,章,0.04%,539,
412,960,競,0.01%,1100,
413,668,帝,0.03%,612,
414,1241,童,0.01%,1229,
415,961,鐘,0.02%,905,
416,370,商,0.05%,402,
417,669,適,0.03%,663,
418,371,敵,0.04%,523,
419,2816,匕,0.00%,3252,
420,372,北,0.07%,315,
421,670,背,0.02%,787,
422,97,比,0.10%,199,
423,1539,昆,0.00%,1759,
424,962,混,0.01%,1137,
425,1242,皆,0.01%,1419,
426,98,此,0.16%,116,
427,99,些,0.21%,86,
428,100,它,0.18%,107,
429,1540,旨,0.01%,1685,
430,2124,脂,0.00%,2206,
431,373,每,0.06%,359,
432,963,梅,0.01%,1159,
433,101,海,0.11%,189,
434,2398,乞,0.00%,2429,
435,374,吃,0.04%,475,1
436,375,乾,0.06%,353,
437,376,複,0.05%,426,
438,1541,腹,0.01%,1589,
439,1840,欠,0.00%,1948,
440,1243,吹,0.01%,1390,
441,964,歌,0.02%,1040,
442,965,軟,0.01%,1043,
443,102,次,0.11%,183,
444,103,資,0.09%,257,
445,1841,姿,0.00%,1899,
446,2399,諮,0.00%,2408,
447,1546,賠,0.01%,1734,
448,966,培,0.01%,1152,
449,377,音,0.04%,540,
450,671,暗,0.02%,829,
451,2409,韻,0.00%,2501,
452,378,識,0.06%,340,
453,2644,幟,0.00%,2813,
454,672,竟,0.03%,706,
455,1251,鏡,0.01%,1251,
456,379,境,0.04%,582,
457,967,亡,0.02%,957,
458,1848,盲,0.00%,2079,
459,1849,妄,0.00%,2097,
460,380,望,0.07%,326,
461,104,方,0.25%,60,
462,1850,妨,0.00%,1873,
463,105,放,0.08%,291,
464,673,激,0.03%,710,
465,2969,於,0.33%,40,
466,968,旁,0.02%,981,
467,2410,兌,0.00%,2424,
468,969,脫,0.02%,943,
469,106,說,0.45%,24,
470,381,曾,0.05%,463,
471,382,增,0.05%,446,
472,2131,贈,0.00%,2123,
473,107,東,0.11%,194,
474,2645,棟,0.00%,2710,
475,2132,凍,0.00%,2127,
476,108,也,0.37%,31,
477,109,她,0.20%,91,
478,110,地,0.50%,21,
479,1548,池,0.01%,1709,
480,1254,蟲,0.01%,1287,
481,1549,蛇,0.01%,1689,
482,1255,蛋,0.01%,1387,
483,383,風,0.06%,348,
484,2136,諷,0.00%,2322,
485,111,己,0.13%,162,
486,384,改,0.06%,350,
487,385,記,0.07%,306,
488,112,已,0.16%,117,
489,386,包,0.05%,454,
490,1855,泡,0.00%,2000,
491,113,起,0.22%,75,
492,114,家,0.26%,56,
493,115,場,0.09%,249,
494,1550,湯,0.01%,1618,
495,1256,羊,0.01%,1337,
496,116,美,0.14%,151,
497,674,洋,0.02%,803,
498,971,鮮,0.02%,958,
499,117,達,0.08%,289,
500,118,樣,0.21%,88,
501,675,差,0.03%,732,
502,387,集,0.05%,406,
503,119,進,0.21%,81,
504,388,準,0.06%,379,
505,676,誰,0.03%,648,
506,972,售,0.01%,1114,
507,389,雖,0.04%,504,
508,390,確,0.07%,331,
509,973,午,0.02%,1004,
510,120,許,0.09%,263,
511,1856,羽,0.00%,1865,
512,677,習,0.03%,676,
513,2137,翔,0.00%,2184,
514,678,困,0.02%,868,
515,679,固,0.02%,893,
516,121,國,0.51%,20,1
517,979,圓,0.01%,1145,
518,122,因,0.19%,96,
519,980,園,0.02%,988,1
520,123,回,0.12%,172,
521,2973,迴,0.12%,172,
522,391,圖,0.04%,476,
523,981,店,0.02%,1041,
524,982,庫,0.01%,1097,
525,1862,褲,0.00%,2090,
526,983,廠,0.02%,963,
527,984,床,0.01%,1068,1
528,985,麻,0.01%,1108,
529,124,心,0.20%,90,1
530,986,忘,0.01%,1056,
531,987,忍,0.01%,1127,
532,125,認,0.10%,213,
533,392,志,0.04%,542,
534,2974,誌,0.04%,542,
535,126,思,0.07%,298,
536,127,意,0.19%,104,
537,128,想,0.19%,99,
538,393,息,0.05%,428,
539,680,恐,0.02%,891,
540,129,感,0.09%,243,
541,2141,憾,0.00%,2269,
542,1263,憂,0.01%,1461,
543,681,怕,0.03%,631,
544,682,忙,0.02%,827,
545,1264,慣,0.01%,1226,
546,683,懷,0.02%,762,
547,130,必,0.09%,248,
548,131,手,0.15%,143,1
549,132,看,0.22%,76,1
550,685,拿,0.03%,645,
551,133,我,0.87%,9,1
552,134,義,0.10%,208,
553,394,議,0.06%,368,
554,2419,蟻,0.00%,2517,
555,988,抱,0.01%,1122,
556,686,抗,0.02%,766,
557,395,批,0.04%,569,
558,989,招,0.02%,941,
559,135,打,0.10%,223,
560,136,指,0.09%,261,
561,396,持,0.06%,357,
562,687,括,0.02%,850,
563,137,提,0.11%,196,
564,688,揮,0.03%,742,
565,397,推,0.04%,505,
566,138,接,0.09%,247,
567,1272,掛,0.01%,1232,
568,398,按,0.04%,573,
569,689,掉,0.02%,849,
570,399,拉,0.07%,324,
571,990,啦,0.01%,1194,
572,400,找,0.05%,466,
573,401,研,0.05%,447,
574,991,弄,0.01%,1053,
575,1273,鼻,0.01%,1335,1
576,992,刑,0.01%,1087,
577,402,型,0.04%,556,
578,139,才,0.09%,235,
579,690,財,0.03%,680,
580,403,存,0.06%,384,
581,140,在,1.04%,6,
582,993,乃,0.01%,1165,
583,1274,奶,0.01%,1278,
584,141,及,0.10%,198,
585,994,吸,0.02%,924,
586,404,史,0.05%,456,
587,142,更,0.10%,221,
588,995,硬,0.01%,1170,
589,143,又,0.16%,126,
590,405,友,0.04%,594,1
591,406,雙,0.04%,581,
592,2975,隻,0.19%,97,
593,407,護,0.04%,529,
594,691,獲,0.03%,688,
595,408,觀,0.07%,334,
596,692,歡,0.03%,685,
597,409,投,0.04%,516,
598,144,沒,0.22%,72,
599,410,設,0.07%,302,
600,693,股,0.03%,644,
601,411,支,0.05%,437,
602,412,技,0.05%,422,
603,1275,枝,0.01%,1491,
604,1276,叔,0.01%,1422,
605,996,督,0.02%,946,
606,1565,寂,0.01%,1739,
607,145,反,0.09%,237,
608,997,板,0.02%,930,
609,1277,返,0.01%,1430,
610,413,派,0.04%,532,
611,1566,脈,0.01%,1594,
612,2148,爪,0.00%,2363,
613,998,抓,0.02%,992,
614,2976,采,0.04%,585,
615,414,採,0.04%,585,
616,1278,菜,0.01%,1266,
617,146,受,0.09%,238,
618,999,授,0.02%,968,
619,415,愛,0.06%,394,1
620,1000,雄,0.01%,1054,
621,416,台,0.06%,388,
622,147,治,0.08%,274,
623,417,始,0.06%,381,
624,148,去,0.25%,64,
625,149,法,0.24%,65,
626,150,至,0.08%,267,
627,694,室,0.03%,708,
628,151,到,0.50%,22,
629,695,互,0.02%,819,
630,696,充,0.03%,690,
631,697,育,0.03%,609,
632,418,流,0.06%,396,
633,2658,梳,0.00%,2717,
634,153,山,0.09%,259,1
635,154,出,0.39%,28,
636,420,擊,0.06%,395,
637,421,密,0.04%,591,
638,155,入,0.10%,210,
639,156,內,0.12%,175,
640,2671,吶,0.00%,2899,
641,157,分,0.22%,79,
642,1290,貧,0.01%,1359,
643,158,公,0.16%,115,1
644,698,松,0.02%,895,
645,1007,谷,0.01%,1095,
646,2156,浴,0.00%,2290,
647,1008,欲,0.01%,1045,
648,2981,慾,0.01%,1045,
649,422,容,0.05%,442,
650,2157,溶,0.00%,2278,
651,159,當,0.22%,71,
652,1578,檔,0.00%,1787,
653,423,黨,0.05%,411,
654,160,常,0.11%,187,
655,1009,堂,0.02%,980,
656,699,皮,0.03%,741,
657,700,波,0.03%,664,1
658,1292,婆,0.01%,1347,1
659,701,破,0.03%,604,
660,161,被,0.14%,154,
661,2674,歹,0.00%,2905,
662,424,列,0.04%,500,
663,702,烈,0.02%,802,
664,425,死,0.07%,317,
665,1897,葬,0.00%,2060,
666,703,耳,0.02%,887,1
667,426,取,0.07%,323,
668,1010,趣,0.01%,1065,
669,162,最,0.15%,139,
670,704,職,0.03%,616,
671,1011,聖,0.02%,960,
672,705,敢,0.02%,795,
673,427,嚴,0.04%,545,
674,1293,曼,0.01%,1224,
675,706,慢,0.02%,822,
676,1294,漫,0.01%,1455,
677,707,環,0.03%,681,
678,163,還,0.22%,80,
679,428,夫,0.06%,377,
680,429,規,0.07%,321,
681,1012,替,0.01%,1079,
682,430,失,0.06%,375,
683,1013,臣,0.01%,1138,
684,708,臨,0.02%,839,
685,1898,賢,0.00%,1943,
686,709,堅,0.03%,748,
687,164,力,0.19%,106,
688,431,另,0.04%,489,
689,165,別,0.10%,222,
690,2164,拐,0.00%,2232,
691,710,男,0.03%,602,1
692,432,功,0.05%,452,
693,1295,奴,0.01%,1402,
694,1014,努,0.01%,1081,
695,166,加,0.13%,166,
696,1579,賀,0.01%,1690,
697,711,架,0.02%,846,
698,712,協,0.03%,735,
699,167,行,0.28%,53,
700,433,律,0.04%,526,
701,2982,復,0.05%,426,
702,168,得,0.33%,39,
703,713,待,0.03%,673,
704,434,往,0.06%,369,
705,714,微,0.03%,653,
706,1015,街,0.01%,1101,
707,169,德,0.09%,256,
708,170,聽,0.08%,285,
709,1296,廳,0.01%,1217,
710,2898,禾,0.00%,3587,
711,435,程,0.07%,314,
712,171,和,0.52%,19,1
713,717,移,0.02%,880,
714,1020,秋,0.01%,1151,1
715,2169,愁,0.00%,2113,
716,172,利,0.14%,155,
717,718,香,0.02%,776,
718,1308,季,0.01%,1279,
719,436,委,0.05%,457,
720,1021,秀,0.01%,1136,
721,1022,透,0.01%,1077,
722,1586,誘,0.01%,1707,
723,437,歷,0.04%,480,
724,438,米,0.04%,575,
725,1023,迷,0.01%,1153,
726,2433,謎,0.00%,2471,
727,439,類,0.07%,311,
728,1587,竹,0.01%,1588,
729,440,笑,0.06%,346,
730,1309,箱,0.01%,1453,
731,1024,筆,0.02%,956,
732,173,等,0.14%,158,
733,441,算,0.05%,403,
734,442,答,0.04%,559,
735,719,策,0.03%,714,
736,174,人,0.97%,7,1
737,2440,囚,0.00%,2594,
738,721,份,0.02%,784,
739,2989,佔,0.03%,737,
740,2990,傢,0.26%,56,
741,175,你,0.36%,32,1
742,722,您,0.03%,726,
743,176,什,0.14%,156,
744,177,條,0.10%,214,
745,444,值,0.04%,600,
746,178,做,0.09%,246,
747,179,但,0.19%,95,
748,445,住,0.07%,309,
749,180,位,0.11%,182,
750,181,件,0.09%,250,
751,723,仍,0.03%,601,
752,182,他,0.83%,10,
753,1028,休,0.01%,1082,
754,183,信,0.12%,176,
755,446,依,0.04%,568,
756,447,例,0.04%,547,
757,184,個,0.62%,12,1
758,1029,健,0.02%,979,
759,724,停,0.03%,693,
760,725,倒,0.03%,608,
761,1316,仁,0.01%,1360,
762,726,優,0.02%,774,
763,727,傷,0.03%,660,
764,185,保,0.09%,266,
765,1592,堡,0.01%,1521,
766,728,付,0.02%,820,
767,448,府,0.05%,417,
768,2178,俯,0.00%,2261,
769,186,代,0.12%,174,
770,1317,袋,0.01%,1310,
771,187,化,0.12%,178,
772,449,花,0.05%,410,1
773,729,貨,0.02%,818,
774,188,何,0.10%,229,
775,189,便,0.08%,271,
776,1318,丈,0.01%,1242,
777,190,使,0.16%,119,
778,730,久,0.03%,637,
779,2179,畝,0.00%,2360,
780,2441,丙,0.00%,2645,
781,2180,柄,0.00%,2241,
782,1030,肉,0.02%,1009,
783,1593,腐,0.01%,1576,
784,450,眾,0.04%,510,
785,731,坐,0.03%,611,
786,732,座,0.02%,812,
787,733,檢,0.03%,731,
788,734,臉,0.03%,615,
789,191,來,0.56%,15,
790,1031,麥,0.01%,1171,
791,1032,喝,0.02%,983,
792,1908,渴,0.00%,1972,
793,192,任,0.11%,186,
794,1606,廷,0.01%,1626,
795,1037,庭,0.02%,931,
796,193,以,0.47%,23,
797,451,似,0.05%,431,
798,194,併,0.15%,141,
799,1923,拼,0.00%,1820,
800,1607,呂,0.01%,1716,
801,2451,侶,0.00%,2661,
802,1038,榮,0.02%,993,
803,737,勞,0.03%,679,
804,452,營,0.04%,536,
805,738,善,0.03%,749,
806,195,年,0.31%,45,
807,739,夜,0.03%,665,
808,1337,液,0.01%,1451,
809,1924,喚,0.00%,1835,
810,740,換,0.02%,824,
811,1041,旅,0.02%,950,
812,453,施,0.04%,553,
813,741,游,0.03%,695,
814,2992,遊,0.03%,695,
815,2454,勿,0.00%,2563,
816,1042,忽,0.02%,912,
817,196,物,0.15%,142,
818,454,易,0.05%,461,
819,1925,賜,0.00%,2072,
820,1609,屍,0.01%,1517,
821,742,尼,0.03%,654,
822,455,呢,0.06%,383,
823,1339,泥,0.01%,1499,
824,743,屋,0.02%,863,
825,1043,握,0.02%,1032,
826,744,居,0.03%,678,
827,2838,鋸,0.00%,3078,
828,745,層,0.03%,699,
829,456,局,0.04%,483,
830,746,戶,0.02%,801,
831,457,房,0.04%,512,
832,1926,雇,0.00%,1817,
833,747,顧,0.02%,815,
834,458,示,0.05%,425,
835,197,社,0.08%,270,
836,459,視,0.05%,438,
837,748,福,0.03%,683,
838,1044,禁,0.02%,986,
839,2692,襟,0.00%,2843,
840,749,宗,0.03%,727,
841,1347,崇,0.01%,1482,
842,1612,祭,0.00%,1782,
843,460,察,0.04%,564,
844,1613,擦,0.00%,1761,
845,198,由,0.15%,136,
846,1045,抽,0.01%,1178,
847,1046,油,0.02%,948,
848,1047,甲,0.01%,1106,
849,1614,押,0.00%,1775,
850,1048,申,0.01%,1110,
851,1049,伸,0.01%,1161,
852,199,神,0.10%,227,
853,200,果,0.13%,165,1
854,1348,課,0.01%,1208,
855,1349,顆,0.01%,1448,
856,1935,斤,0.00%,1866,
857,201,所,0.27%,54,
858,461,近,0.06%,374,
859,2459,斬,0.00%,2463,
860,1351,暫,0.01%,1325,
861,752,漸,0.02%,870,
862,462,質,0.05%,404,
863,1936,斥,0.00%,1857,
864,463,訴,0.04%,595,
865,2696,乍,0.00%,2914,
866,464,怎,0.06%,382,
867,1352,昨,0.01%,1475,
868,202,作,0.28%,49,
869,1050,雪,0.02%,1003,
870,753,急,0.03%,657,
871,1051,尋,0.02%,962,
872,1052,婦,0.02%,932,
873,1353,掃,0.01%,1435,
874,1053,錄,0.02%,919,
875,2460,碌,0.00%,2548,
876,465,爭,0.06%,344,
877,1354,淨,0.01%,1377,
878,203,事,0.26%,58,
879,1054,唐,0.02%,973,
880,1620,糖,0.01%,1746,
881,754,康,0.02%,900,
882,2697,尹,0.00%,2885,
883,755,伊,0.02%,761,
884,1055,君,0.02%,985,
885,2461,裙,0.00%,2431,
886,466,群,0.04%,570,
887,204,而,0.34%,36,
888,467,需,0.05%,408,
889,1937,儒,0.00%,2006,
890,1355,瑞,0.01%,1332,
891,1056,端,0.02%,916,
892,1057,曲,0.01%,1066,
893,468,斗,0.04%,580,
894,469,料,0.04%,557,
895,205,科,0.08%,277,
896,206,用,0.28%,51,
897,2206,昔,0.00%,2388,
898,1064,借,0.02%,984,
899,756,錯,0.03%,638,
900,757,散,0.02%,866,
901,1357,撒,0.01%,1445,
902,470,備,0.06%,397,
903,2908,廿,0.00%,3383,
904,758,席,0.02%,894,
905,207,度,0.11%,184,
906,1358,渡,0.01%,1406,
907,471,半,0.04%,513,
908,1359,伴,0.01%,1298,
909,1948,胖,0.00%,1893,
910,759,判,0.03%,719,
911,2702,眷,0.00%,2967,
912,1625,拳,0.00%,1784,
913,760,勝,0.03%,743,
914,472,片,0.05%,455,
915,761,版,0.02%,810,
916,2470,妝,0.00%,2639,
917,1360,壯,0.01%,1432,
918,1065,莊,0.02%,1024,
919,473,裝,0.05%,467,
920,208,將,0.15%,132,
921,209,之,0.32%,44,
922,1361,乏,0.01%,1399,
923,2207,眨,0.00%,2371,
924,210,不,1.16%,4,1
925,762,否,0.03%,620,
926,1362,杯,0.01%,1396,
927,2706,矢,0.00%,2811,
928,474,族,0.04%,549,
929,211,知,0.16%,123,
930,764,智,0.02%,885,
931,1367,矛,0.01%,1441,
932,1631,柔,0.01%,1573,
933,2707,揉,0.00%,2818,
934,212,務,0.09%,245,
935,1632,霧,0.01%,1670,
936,1071,予,0.02%,925,
937,765,序,0.02%,836,
938,766,預,0.03%,647,
939,767,野,0.02%,845,
940,768,班,0.02%,884,
941,2216,弓,0.00%,2229,
942,475,引,0.04%,479,
943,213,強,0.08%,292,
944,1072,弱,0.02%,1038,
945,769,彈,0.03%,632,
946,770,佛,0.02%,771,
947,476,費,0.04%,486,
948,771,弟,0.02%,816,1
949,214,第,0.17%,114,
950,1368,巧,0.01%,1219,
951,215,身,0.13%,164,
952,772,射,0.03%,703,
953,773,謝,0.02%,897,
954,216,老,0.12%,179,1
955,477,考,0.04%,495,
956,2477,烤,0.00%,2629,
957,2224,孝,0.00%,2116,
958,217,教,0.11%,191,
959,218,者,0.19%,103,
960,219,著,0.32%,41,
961,1634,豬,0.00%,1762,
962,774,追,0.02%,768,
963,1955,帥,0.00%,1888,
964,478,師,0.07%,333,
965,2225,獅,0.00%,2211,
966,479,官,0.05%,432,
967,220,管,0.09%,252,
968,480,父,0.04%,589,
969,481,交,0.07%,320,
970,482,效,0.04%,551,
971,483,較,0.04%,491,
972,775,校,0.03%,633,
973,484,足,0.04%,527,
974,776,跑,0.02%,864,
975,1074,跳,0.02%,999,
976,485,路,0.07%,305,
977,777,露,0.02%,841,
978,1075,骨,0.02%,1036,
979,1370,滑,0.01%,1480,
980,221,過,0.31%,46,
981,486,阿,0.05%,471,
982,778,啊,0.03%,753,
983,487,際,0.05%,423,
984,779,險,0.03%,672,
985,488,隨,0.04%,498,
986,780,陽,0.03%,650,
987,489,陳,0.04%,525,
988,490,防,0.04%,548,
989,1080,附,0.02%,923,
990,491,院,0.07%,338,
991,781,陣,0.02%,788,
992,222,隊,0.08%,268,
993,782,降,0.03%,744,
994,783,階,0.03%,745,
995,1962,穴,0.00%,1940,
996,492,究,0.05%,429,
997,493,突,0.04%,484,
998,223,空,0.08%,272,
999,784,控,0.02%,780,
1000,494,邊,0.07%,316,
1001,495,深,0.05%,401,
1002,1081,探,0.02%,917,
1003,1963,丘,0.00%,1929,
1004,496,兵,0.06%,398,
1005,1082,絲,0.02%,1026,
1006,497,線,0.05%,430,
1007,498,維,0.04%,520,
1008,499,羅,0.06%,392,
1009,500,續,0.04%,552,
1010,224,統,0.09%,264,
1011,225,給,0.11%,180,
1012,226,結,0.09%,236,
1013,501,終,0.04%,558,
1014,502,級,0.05%,415,
1015,503,紀,0.04%,584,
1016,504,紅,0.04%,502,1
1017,505,約,0.05%,424,
1018,506,細,0.04%,597,
1019,507,緊,0.04%,560,
1020,508,織,0.04%,578,
1021,785,網,0.03%,605,
1022,1083,綠,0.01%,1088,
1023,1644,彎,0.01%,1662,
1024,786,灣,0.02%,855,
1025,1374,戀,0.01%,1464,
1026,227,變,0.10%,225,
1027,228,經,0.25%,62,
1028,509,輕,0.05%,460,
1029,229,後,0.30%,48,
1030,230,幾,0.10%,211,
1031,231,機,0.18%,111,
1032,510,斷,0.05%,434,
1033,787,繼,0.03%,655,
1034,511,顯,0.05%,469,
1035,788,樂,0.03%,619,
1036,789,藥,0.03%,662,
1037,1375,雞,0.01%,1391,
1038,232,麼,0.25%,63,
1039,233,系,0.10%,216,
1040,2996,係,0.10%,216,
1041,1084,孫,0.02%,995,
1042,234,卻,0.08%,287,
1043,792,腳,0.02%,790,
1044,512,服,0.06%,365,
1045,235,命,0.09%,258,
1046,513,留,0.04%,554,
1047,1975,溜,0.00%,1923,
1048,1976,聊,0.00%,1932,
1049,1656,柳,0.01%,1557,
1050,514,令,0.06%,378,
1051,793,冷,0.03%,700,
1052,1387,零,0.01%,1342,
1053,515,領,0.07%,329,
1054,236,通,0.11%,190,
1055,1388,勇,0.01%,1206,
1056,794,犯,0.02%,767,
1057,795,危,0.02%,826,
1058,1977,脆,0.00%,1976,
1059,796,印,0.03%,640,
1060,516,興,0.04%,531,
1061,799,酒,0.02%,797,
1062,800,配,0.03%,738,
1063,2914,酋,0.00%,3403,
1064,1091,尊,0.01%,1134,
1065,1661,遵,0.01%,1593,
1066,1662,豆,0.00%,1793,1
1067,237,頭,0.14%,147,1
1068,801,短,0.02%,889,
1069,1092,禮,0.02%,926,
1070,238,體,0.14%,149,
1071,1093,鼓,0.01%,1123,
1072,802,喜,0.03%,668,
1073,2243,廚,0.00%,2132,
1074,803,樹,0.03%,697,
1075,804,血,0.03%,658,
1076,517,盡,0.04%,488,
1077,3003,儘,0.04%,488,
1078,1094,蓋,0.01%,1052,
1079,805,溫,0.02%,867,
1080,806,監,0.02%,838,
1081,2244,籃,0.00%,2357,
1082,1095,藍,0.01%,1190,1
1083,807,銀,0.02%,757,
1084,518,跟,0.04%,541,
1085,239,很,0.15%,138,
1086,519,根,0.06%,352,
1087,240,即,0.08%,293,
1088,520,節,0.04%,514,
1089,808,退,0.03%,723,
1090,1393,腿,0.01%,1351,
1091,809,限,0.03%,613,
1092,241,眼,0.08%,281,
1093,810,良,0.02%,835,
1094,1096,浪,0.01%,1186,
1095,811,娘,0.02%,881,
1096,812,食,0.03%,671,
1097,1097,飯,0.02%,935,
1098,1394,餐,0.01%,1465,
1099,1098,館,0.02%,1011,
1100,813,養,0.02%,760,
1101,814,既,0.03%,724,
1102,815,概,0.02%,791,
1103,242,平,0.10%,215,
1104,816,評,0.02%,809,
1105,2737,坪,0.00%,2716,
1106,521,乎,0.05%,458,
1107,817,呼,0.02%,843,
1108,522,希,0.04%,508,
1109,1676,稀,0.00%,1788,
1110,243,學,0.24%,66,
1111,523,覺,0.07%,327,
1112,2521,攪,0.00%,2679,
1113,3007,凶,0.01%,1378,
1114,1401,兇,0.01%,1378,
1115,1402,胸,0.01%,1356,
1116,524,離,0.05%,418,
1117,2522,禽,0.00%,2562,
1118,1403,辛,0.01%,1463,
1119,525,辦,0.06%,367,
1120,1404,辯,0.01%,1355,
1121,1405,壁,0.01%,1380,
1122,1104,避,0.02%,991,
1123,244,新,0.13%,161,
1124,2253,薪,0.00%,2167,
1125,526,親,0.06%,362,
1126,2523,襯,0.00%,2502,
1127,1105,幸,0.02%,902,
1128,818,執,0.02%,763,
1129,245,報,0.09%,234,
1130,527,叫,0.06%,387,
1131,528,收,0.06%,351,
1132,819,陸,0.03%,675,
1133,529,勢,0.04%,506,
1134,820,熱,0.03%,606,
1135,821,藝,0.02%,786,
1136,2855,亥,0.00%,3179,
1137,822,核,0.02%,828,
1138,530,孩,0.04%,533,
1139,823,刻,0.03%,618,
1140,531,該,0.07%,319,
1141,824,述,0.03%,674,
1142,532,術,0.07%,328,
1143,533,殺,0.04%,587,
1144,2738,襄,0.00%,2980,
1145,534,讓,0.07%,339,
1146,2524,壤,0.00%,2412,
1147,1406,寒,0.01%,1297,
1148,1106,賽,0.01%,1064,
1149,1112,毒,0.02%,947,
1150,826,素,0.03%,661,
1151,535,青,0.04%,497,
1152,536,精,0.05%,435,
1153,537,請,0.05%,421,
1154,246,情,0.16%,120,
1155,1113,睛,0.02%,934,
1156,538,清,0.07%,335,
1157,827,靜,0.03%,722,
1158,539,責,0.04%,535,
1159,1685,績,0.01%,1547,
1160,828,積,0.03%,728,
1161,247,表,0.12%,177,
1162,3009,錶,,,
1163,248,生,0.35%,34,1
1164,540,星,0.04%,537,1
1165,1114,姓,0.01%,1149,
1166,249,性,0.16%,122,
1167,541,害,0.04%,579,
1168,1686,割,0.01%,1665,
1169,1687,慧,0.01%,1505,
1170,1115,豐,0.01%,1189,
1171,1116,春,0.02%,921,1
1172,1408,泰,0.01%,1318,
1173,1409,奉,0.01%,1382,
1174,2260,棒,0.00%,2288,
1175,1688,勤,0.01%,1565,
1176,1997,謹,0.00%,1917,
1177,542,僅,0.04%,494,
1178,829,漢,0.03%,711,
1179,250,難,0.07%,295,
1180,2261,攤,0.00%,2154,
1181,543,華,0.05%,412,
1182,2530,嘩,0.00%,2486,
1183,1689,垂,0.01%,1592,
1184,2744,錘,0.00%,2937,
1185,1117,睡,0.02%,964,
1186,544,今,0.07%,336,
1187,1120,含,0.02%,937,
1188,545,念,0.04%,477,
1189,1121,陰,0.02%,987,
1190,2532,蔭,0.00%,2669,
1191,251,西,0.13%,167,
1192,252,要,0.42%,26,
1193,1417,腰,0.01%,1458,
1194,1122,票,0.02%,910,
1195,1697,漂,0.01%,1568,
1196,546,標,0.04%,473,
1197,2004,賈,0.00%,2051,
1198,547,價,0.05%,409,
1199,1123,煙,0.02%,967,
1200,548,南,0.07%,307,
1201,253,門,0.11%,185,1
1202,254,們,0.61%,13,
1203,1701,閒,0.01%,1529,
1204,255,問,0.15%,137,
1205,256,間,0.15%,135,
1206,830,簡,0.03%,716,
1207,257,開,0.20%,94,
1208,831,聞,0.02%,825,
1209,2008,倉,0.00%,1882,
1210,832,槍,0.02%,874,
1211,833,創,0.03%,635,
1212,258,非,0.08%,283,
1213,834,排,0.03%,682,
1214,835,罪,0.03%,718,
1215,836,靠,0.02%,808,
1216,1702,侯,0.01%,1756,
1217,549,候,0.06%,341,
1218,259,決,0.08%,273,
1219,550,快,0.06%,366,
1220,2861,筷,0.00%,3110,
1221,1703,韋,0.01%,1667,
1222,552,圍,0.04%,576,
1223,1124,偉,0.01%,1107,
1224,837,衛,0.03%,669,
1225,3013,干,0.06%,353,
1226,1128,岸,0.02%,971,
1227,3014,幹,0.06%,353,
1228,2536,旱,0.00%,2523,
1229,1129,趕,0.02%,908,
1230,261,于,0.33%,40,
1231,1130,宇,0.01%,1156,
1232,3015,余,0.03%,729,
1233,838,餘,0.03%,729,
1234,553,除,0.05%,464,
1235,1131,途,0.01%,1085,
1236,1132,束,0.02%,998,
1237,839,速,0.03%,617,
1238,2537,辣,0.00%,2420,
1239,554,整,0.05%,416,
1240,1133,練,0.02%,1005,
1241,2747,揀,0.00%,2965,
1242,262,重,0.15%,140,
1243,1425,懂,0.01%,1211,
1244,263,動,0.22%,73,
1245,264,種,0.26%,57,
1246,840,衝,0.03%,702,
1247,555,病,0.05%,427,
1248,841,痛,0.03%,730,
1249,1715,瘋,0.01%,1549,
1250,3017,匹,0.00%,1908,
1251,265,區,0.09%,265,
1252,2540,樞,0.00%,2616,
1253,842,歐,0.02%,823,
1254,556,醫,0.04%,482,
1255,1430,仰,0.01%,1368,
1256,1134,迎,0.01%,1069,
1257,843,登,0.02%,817,
1258,1135,燈,0.01%,1115,
1259,557,證,0.06%,373,
1260,266,發,0.30%,47,
1261,1431,廢,0.01%,1376,
1262,267,形,0.08%,269,
1263,558,影,0.06%,390,
1264,1141,彩,0.01%,1177,
1265,559,須,0.05%,444,
1266,1436,珍,0.01%,1314,
1267,560,參,0.04%,507,
1268,1721,慘,0.01%,1530,
1269,844,修,0.03%,740,
1270,268,文,0.14%,148,
1271,2754,蚊,0.00%,2940,
1272,2545,彥,0.00%,2559,
1273,1722,顏,0.01%,1545,
1274,269,產,0.14%,159,
1275,845,率,0.03%,625,
1276,2286,摔,0.00%,2270,
1277,846,央,0.02%,800,
1278,561,英,0.06%,371,
1279,562,巴,0.04%,546,
1280,270,把,0.18%,110,
1281,1142,爸,0.01%,1050,1
1282,563,吧,0.05%,470,
1283,564,色,0.07%,304,
1284,565,絕,0.04%,562,
1285,1440,甘,0.01%,1408,
1286,566,某,0.04%,517,
1287,271,其,0.21%,85,
1288,272,期,0.09%,253,
1289,273,基,0.08%,280,
1290,274,斯,0.12%,168,
1291,847,甚,0.03%,626,
1292,848,貴,0.02%,873,
1293,849,遺,0.02%,892,
1294,1144,舞,0.01%,1144,
1295,275,無,0.19%,105,
1296,1725,撫,0.01%,1720,
1297,276,且,0.07%,296,
1298,850,姐,0.02%,830,
1299,567,組,0.06%,358,
1300,1145,祖,0.02%,1025,
1301,851,助,0.03%,607,
1302,3020,並,0.15%,141,
1303,852,普,0.03%,630,
1304,277,業,0.15%,130,
1305,278,對,0.36%,33,
1306,568,共,0.07%,330,
1307,569,供,0.04%,550,
1308,853,異,0.03%,709,
1309,2297,巷,0.00%,2399,
1310,1148,港,0.02%,927,
1311,570,選,0.04%,499,
1312,1449,井,0.01%,1431,
1313,571,亞,0.05%,420,
1314,854,惡,0.02%,792,
1315,855,角,0.03%,736,
1316,279,解,0.10%,201,
1317,1150,嘴,0.02%,1010,
1318,280,再,0.09%,242,
1319,572,稱,0.05%,449,
1320,573,講,0.04%,555,
1321,574,構,0.04%,511,
1322,1734,扁,0.01%,1737,
1323,1151,篇,0.02%,1008,
1324,856,編,0.02%,858,
1325,281,論,0.10%,205,
1326,1152,輪,0.01%,1096,
1327,1153,典,0.01%,1044,
1328,1451,氏,0.01%,1500,
1329,1157,紙,0.02%,1020,
1330,1737,昏,0.01%,1561,
1331,1158,婚,0.02%,942,
1332,575,低,0.04%,592,
1333,576,底,0.04%,543,
1334,282,民,0.17%,113,
1335,2029,眠,0.00%,1986,
1336,2302,甫,0.00%,2152,
1337,1159,補,0.02%,944,
1338,1160,博,0.02%,965,
1339,2303,搏,0.00%,2372,
1340,283,都,0.23%,68,
1341,284,部,0.21%,84,
1342,1452,郎,0.01%,1457,
1343,1161,鄉,0.02%,922,
1344,577,響,0.04%,503,
1345,578,段,0.04%,567,
1346,2561,鍛,0.00%,2531,
1347,1456,幻,0.01%,1417,
1348,285,司,0.08%,278,
1349,1166,詞,0.02%,959,
1350,2307,舟,0.00%,2224,
1351,857,船,0.03%,614,
1352,858,般,0.03%,629,
1353,1167,盤,0.01%,1049,
1354,1741,搬,0.00%,1766,
1355,2034,瓜,0.00%,1827,
1356,1457,孤,0.01%,1334,
1357,861,益,0.03%,649,
1358,862,假,0.03%,636,
1359,2769,蝦,0.00%,2847,
1360,286,氣,0.10%,217,
1361,1169,汽,0.01%,1200,
1362,579,飛,0.06%,347,
1363,287,面,0.22%,74,
1364,3021,麵,0.22%,74,
1365,580,革,0.04%,521,
1366,1744,鞋,0.01%,1638,
1367,2565,馨,0.00%,2586,
1368,288,聲,0.11%,195,
1369,1170,吳,0.01%,1135,
1370,2566,娛,0.00%,2493,
1371,863,誤,0.02%,854,
1372,864,承,0.03%,639,
1373,2311,蒸,0.00%,2358,
1374,1172,牙,0.02%,997,1
1375,865,穿,0.02%,785,
1376,1173,呀,0.02%,929,
1377,866,釋,0.02%,813,
1378,1459,番,0.01%,1452,
1379,1174,翻,0.02%,1027,
1380,1460,播,0.01%,1275,
1381,867,毛,0.03%,623,
1382,1461,尾,0.01%,1282,
1383,2042,宅,0.00%,1858,
1384,868,託,0.02%,799,
1385,289,為,0.54%,18,
1386,1745,偽,0.01%,1556,
1387,290,長,0.18%,109,
1388,581,張,0.07%,318,
1389,2043,漲,0.00%,1803,
1390,1175,套,0.01%,1091,
1391,3022,髮,0.30%,47,
1392,291,展,0.08%,275,1
1393,1462,喪,0.01%,1404,
1394,2570,雁,0.00%,2553,
1395,292,應,0.15%,144,
1396,1464,鳥,0.01%,1263,
1397,2048,鷹,0.00%,1927,
1398,2317,鴨,0.00%,2133,
1399,871,島,0.02%,798,
1400,872,遇,0.02%,899,
1401,582,萬,0.07%,322,
1402,1751,邁,0.01%,1698,
1403,2049,岡,0.00%,2047,
1404,873,剛,0.03%,621,
1405,874,缺,0.02%,875,
1406,875,寶,0.02%,811,
1407,1752,遙,0.01%,1715,
1408,1178,搖,0.02%,940,
1409,2318,兔,0.00%,2364,
1410,2319,逸,0.00%,2338,
1411,876,免,0.02%,755,
1412,877,晚,0.03%,641,
1413,293,象,0.07%,300,
1414,294,像,0.08%,294,
1415,295,馬,0.08%,276,1
1416,878,媽,0.03%,750,1
1417,1469,罵,0.01%,1449,
1418,583,嗎,0.05%,453,
1419,584,驗,0.04%,534,
1420,1470,騎,0.01%,1398,
1421,879,驚,0.03%,659,
1422,1179,虎,0.01%,1083,
1423,1180,慮,0.02%,901,
1424,296,處,0.10%,206,
1425,1181,戲,0.02%,1033,
1426,1182,劇,0.02%,909,
1427,585,據,0.07%,313,
1428,2060,鹿,0.00%,2056,
1429,1757,塵,0.01%,1718,
1430,880,麗,0.02%,834,
1431,1758,熊,0.01%,1741,
1432,297,能,0.34%,35,
1433,586,態,0.04%,528,
1434,2925,寅,0.00%,3422,
1435,881,演,0.03%,715,
1436,2332,辰,0.00%,2317,
1437,1480,晨,0.01%,1388,
1438,587,農,0.05%,465,
1439,1771,濃,0.01%,1585,
1440,882,送,0.03%,656,
1441,1186,鬼,0.02%,1042,
1442,1187,魔,0.01%,1180,
1443,883,塊,0.02%,793,
1444,884,龍,0.03%,696,
1445,1481,襲,0.01%,1213,
1446,298,兒,0.11%,192,
1447,1190,舊,0.02%,915,
1448,588,寫,0.05%,448,
1449,2785,瀉,0.00%,2715,
1450,299,兩,0.15%,133,
1451,1772,倆,0.01%,1574,
1452,589,滿,0.05%,436,
1453,300,爾,0.10%,220,
1454,1773,彌,0.00%,1785,
1455,1191,虛,0.01%,1071,
1456,590,聯,0.06%,356,
1457,301,關,0.16%,127,
1458,302,那,0.33%,38,
1459,885,哪,0.03%,652,
1460,2336,巫,0.00%,2189,
1461,886,靈,0.03%,734,
1462,887,縣,0.02%,877,
1463,2070,懸,0.00%,1879,
1464,303,與,0.18%,108,
1465,591,舉,0.04%,586,
1466,888,腦,0.03%,646,
1467,1774,惱,0.01%,1704,
1468,592,專,0.04%,485,
1469,593,傳,0.07%,332,
1470,594,轉,0.06%,376,
1471,595,團,0.05%,405,
1472,596,黃,0.04%,561,
1473,597,廣,0.05%,468,
1474,1483,橫,0.01%,1330,
1475,1192,窗,0.01%,1074,
1476,304,總,0.10%,228,
1477,3028,詹,0.00%,2533,
1478,889,擔,0.03%,720,
1479,305,數,0.09%,231,
1480,890,樓,0.02%,876,
1481,891,獨,0.03%,627,
1482,892,屬,0.03%,610,
1483,1775,爛,0.01%,1754,
1484,893,蘭,0.03%,642,
1485,306,從,0.19%,98,
1486,1484,縱,0.01%,1236,
1487,1193,齊,0.01%,1063,
1488,598,濟,0.06%,360,
1489,2071,丑,0.00%,1901,
1490,2072,扭,0.00%,1805,
1491,2073,卑,0.00%,2059,
1492,1485,牌,0.01%,1261,
1493,599,號,0.04%,487,
1494,894,怪,0.02%,775,
1495,1776,赤,0.01%,1660,
1496,895,亦,0.02%,886,
1497,600,極,0.06%,363,
1498,896,雜,0.02%,853,
1499,1777,曰,0.01%,1656,
1500,897,亂,0.02%,765,
1501,2609,叭,0.00%,2704,
1502,2360,咕,0.00%,2418,
1503,1202,咱,0.01%,1265,
1504,1801,串,0.00%,1832,
1505,1802,罩,0.00%,1978,
1506,2613,囂,0.00%,2982,
1507,2089,顛,0.00%,2134,
1508,2614,叨,0.00%,2844,
1509,2090,刮,0.00%,2350,
1510,1805,盯,0.00%,1906,
1511,1806,呵,0.00%,1861,
1512,1808,姦,0.00%,1992,
1513,2092,嬰,0.00%,2115,
1514,907,姑,0.02%,994,
1515,908,姆,0.01%,1061,
1516,2799,兢,0.00%,3117,
1517,2093,碩,0.00%,2304,
1518,2800,砌,0.00%,3221,
1519,2094,哨,0.00%,2383,
1520,1502,晃,0.00%,1796,
1521,1815,泊,0.00%,2043,
1522,2616,汰,0.00%,2969,
1523,2370,沾,0.00%,2402,
1524,2617,渺,0.00%,2966,
1525,2095,腺,0.00%,2257,
1526,913,坦,0.02%,1017,
1527,1816,娃,0.00%,1833,
1528,2371,涯,0.00%,2604,
1529,2958,吋,,,
1530,2802,肘,0.00%,3010,
1531,2618,灼,0.00%,2867,
1532,2372,炒,0.00%,2590,
1533,2619,澆,0.00%,2866,
1534,1817,哩,0.00%,1949,
1535,2804,鯉,0.00%,3204,
1536,2373,嘿,0.00%,2423,
1537,1220,丹,0.01%,1280,
1538,2621,喧,0.00%,2778,
1539,1509,賓,0.01%,1534,
1540,2374,濱,0.00%,2474,
1541,2097,寡,0.00%,2268,
1542,2377,棚,0.00%,2448,
1543,1511,柏,0.01%,1596,
1544,2806,槓,0.00%,3066,
1545,1512,朵,0.01%,1571,
1546,1222,杜,0.01%,1277,
1547,1820,桂,0.00%,1930,
1548,1513,椅,0.01%,1663,
1549,2959,杰,0.01%,1129,
1550,2623,櫻,0.00%,2781,
1551,2624,梢,0.00%,2785,
1552,2625,桐,0.00%,2712,
1553,924,宋,0.02%,990,
1554,2099,淋,0.00%,2168,
1555,2378,焚,0.00%,2498,
1556,2100,昧,0.00%,2376,
1557,925,朱,0.01%,1120,
1558,2379,株,0.00%,2482,
1559,1223,樑,0.01%,1416,
1560,2626,碟,0.00%,2835,
1561,2627,萌,0.00%,2879,
1562,2807,苛,0.00%,3095,
1563,1821,膜,0.00%,1945,
1564,2380,寞,0.00%,2601,
1565,2628,暮,0.00%,2768,
1566,1515,燃,0.01%,1553,
1567,2103,咒,0.00%,2286,
1568,1516,獸,0.01%,1602,
1569,2629,狸,0.00%,2738,
1570,2630,嗅,0.00%,2703,
1571,2808,牡,0.00%,3001,
1572,1517,牢,0.01%,1696,
1573,929,贊,0.01%,1179,
1574,1228,舍,0.01%,1344,
1575,1825,啥,0.00%,2082,
1576,2809,洽,0.00%,3039,
1577,2107,旺,0.00%,2198,
1578,2108,碧,0.00%,2165,
1579,1826,汪,0.00%,1876,
1580,2631,枉,0.00%,2918,
1581,1229,珠,0.01%,1286,
1582,2887,噩,0.00%,3408,
1583,2930,鱷,0.00%,3781,
1584,2960,鬥,0.04%,580,
1585,2632,栓,0.00%,2938,
1586,1520,柱,0.01%,1691,
1587,2109,鉤,0.00%,2254,
1588,2382,鈔,0.00%,2647,
1589,936,銷,0.02%,904,
1590,1521,鎖,0.01%,1558,
1591,1522,鑽,0.01%,1724,
1592,942,迫,0.02%,1006,
1593,1524,逼,0.01%,1559,
1594,943,逃,0.02%,996,
1595,2810,逞,0.00%,3175,
1596,1230,轟,0.01%,1264,
1597,1828,軌,0.00%,1883,
1598,2811,軋,0.00%,3269,
1599,2385,輻,0.00%,2428,
1600,2633,煎,0.00%,2893,
1601,2111,喻,0.00%,2273,
1602,2812,榆,0.00%,3272,
1603,639,略,0.03%,704,
1604,2113,暈,0.00%,2215,
1605,1830,渾,0.00%,1991,
1606,2386,膏,0.00%,2673,
1607,2114,亨,0.00%,2146,
1608,1831,哼,0.00%,1966,
1609,2813,淳,0.00%,3147,
1610,2387,鯨,0.00%,2618,
1611,2634,贖,0.00%,2863,
1612,2389,晝,0.00%,2651,
1613,1233,津,0.01%,1353,
1614,2115,釐,0.00%,2262,
1615,1832,枚,0.00%,1884,
1616,1529,牧,0.01%,1580,
1617,2116,玫,0.00%,2303,
1618,1530,敦,0.01%,1722,
1619,948,諾,0.02%,969,
1620,949,謂,0.02%,945,
1621,1531,詢,0.01%,1617,
1622,1234,罰,0.01%,1215,
1623,950,訂,0.01%,1176,
1624,2888,詠,0.00%,3469,
1625,2117,諜,0.00%,2391,
1626,2962,註,0.04%,492,
1627,2118,諒,0.00%,2120,
1628,2963,讚,0.01%,1179,
1629,2932,貳,0.00%,3894,
1630,2635,膩,0.00%,2819,
1631,1834,洩,0.00%,2010,
1632,2965,划,0.04%,522,
1633,2636,嘎,0.00%,2852,
1634,657,域,0.02%,847,
1635,2391,栽,0.00%,2401,
1636,2120,戚,0.00%,2316,
1637,2392,蔑,0.00%,2575,
1638,954,喊,0.01%,1183,
1639,2637,濺,0.00%,2949,
1640,1836,址,0.00%,1848,
1641,2638,澀,0.00%,2836,
1642,2393,蘋,0.00%,2478,
1643,1837,赴,0.00%,1843,
1644,2394,趟,0.00%,2457,
1645,2395,堤,0.00%,2464,
1646,1236,鍵,0.01%,1471,
1647,2814,婿,0.00%,3115,
1648,1244,裁,0.01%,1203,
1649,2817,襪,0.00%,3045,
1650,1542,滾,0.01%,1542,
1651,1543,衰,0.01%,1702,
1652,2125,衷,0.00%,2157,
1653,2126,禪,0.00%,2196,
1654,2127,猿,0.00%,2312,
1655,1842,吊,0.00%,2050,
1656,1544,帕,0.01%,1519,
1657,2639,帖,0.00%,2892,
1658,2400,帆,0.00%,2459,
1659,1245,幅,0.01%,1444,
1660,1843,錦,0.00%,1947,
1661,2818,沛,0.00%,3032,
1662,2889,柿,0.00%,3355,
1663,1246,鬧,0.01%,1336,
1664,2640,棘,0.00%,2870,
1665,2641,棗,0.00%,2851,
1666,2890,蕾,0.00%,3329,
1667,1545,吞,0.00%,1797,
1668,1844,妖,0.00%,1869,
1669,1845,沃,0.00%,1808,
1670,2401,轎,0.00%,2447,
1671,2402,垃,0.00%,2628,
1672,2642,啼,0.00%,2913,
1673,1247,蒂,0.01%,1429,
1674,1846,滴,0.00%,1896,
1675,2643,頃,0.00%,2724,
1676,2403,匙,0.00%,2476,
1677,2404,乖,0.00%,2470,
1678,1248,乘,0.01%,1231,
1679,1249,剩,0.01%,1446,
1680,2128,棍,0.00%,2255,
1681,2405,諧,0.00%,2416,
1682,1847,柴,0.00%,1981,
1683,1250,敏,0.01%,1436,
1684,2406,霉,0.00%,2425,
1685,2407,迄,0.00%,2549,
1686,2129,砍,0.00%,2217,
1687,2408,坎,0.00%,2446,
1688,2891,炊,0.00%,3333,
1689,2130,欽,0.00%,2147,
1690,2411,剖,0.00%,2484,
1691,2133,菩,0.00%,2209,
1692,2134,芒,0.00%,2251,
1693,1252,荒,0.01%,1328,
1694,2135,謊,0.00%,2207,
1695,1851,茫,0.00%,1951,
1696,1852,贏,0.00%,1836,
1697,1253,訊,0.01%,1238,
1698,2412,坊,0.00%,2542,
1699,1547,芳,0.01%,1586,
1700,970,訪,0.02%,1037,
1701,2646,熬,0.00%,2705,
1702,2970,菸,,,
1703,2413,榜,0.00%,2556,
1704,2647,磅,0.00%,2941,
1705,1853,膀,0.00%,1941,
1706,1854,銳,0.00%,1851,
1707,2138,虹,0.00%,2176,
1708,2892,蝠,0.00%,3335,
1709,2648,蛙,0.00%,2904,
1710,2819,蝗,0.00%,3271,
1711,2820,蟬,0.00%,3048,
1712,2821,楓,0.00%,3229,
1713,1257,胞,0.01%,1341,
1714,2971,炮,0.02%,914,
1715,2139,袍,0.00%,2324,
1716,2948,雹,0.00%,4037,
1717,974,逐,0.02%,954,
1718,1857,遂,0.00%,2017,
1719,975,蒙,0.02%,1039,
1720,2649,朦,0.00%,2826,
1721,1551,豪,0.01%,1513,
1722,2893,啄,0.00%,3449,
1723,2650,琢,0.00%,2921,
1724,1858,嫁,0.00%,2063,
1725,1859,腸,0.00%,1921,
1726,976,楊,0.01%,1062,
1727,2651,燙,0.00%,2903,
1728,1258,蕩,0.01%,1424,
1729,1259,詳,0.01%,1439,
1730,2652,羨,0.00%,2732,
1731,977,唯,0.01%,1094,
1732,1260,堆,0.01%,1370,
1733,1552,焦,0.01%,1554,
1734,1553,瞧,0.01%,1551,
1735,2653,礁,0.00%,2952,
1736,2822,蕉,0.00%,3104,
1737,1860,雕,0.00%,1829,
1738,1554,截,0.01%,1552,
1739,2972,准,0.06%,379,
1740,2140,雀,0.00%,2331,
1741,1261,霍,0.01%,1442,
1742,1262,奮,0.01%,1268,
1743,978,奪,0.01%,1199,
1744,2654,翹,0.00%,2992,
1745,2414,塌,0.00%,2465,
1746,1861,翰,0.00%,1881,
1747,1863,咽,0.00%,2031,
1748,1864,姻,0.00%,2007,
1749,1865,廟,0.00%,1889,
1750,2415,廂,0.00%,2467,
1751,1555,嘛,0.01%,1628,
1752,1556,磨,0.01%,1537,
1753,2142,廈,0.00%,2264,
1754,2655,廁,0.00%,2920,
1755,1557,悟,0.01%,1668,
1756,1265,忠,0.01%,1322,
1757,2656,悼,0.00%,2963,
1758,1558,慎,0.00%,1765,
1759,2143,恕,0.00%,2314,
1760,1266,悄,0.01%,1434,
1761,2416,恍,0.00%,2535,
1762,2894,惰,0.00%,3310,
1763,1267,恢,0.01%,1364,
1764,1559,恆,0.00%,1764,
1765,1866,慕,0.00%,1990,
1766,1268,恰,0.01%,1308,
1767,2144,惶,0.00%,2320,
1768,1867,愉,0.00%,1982,
1769,1269,愈,0.01%,1301,
1770,1560,惑,0.01%,1600,
1771,2145,怔,0.00%,2191,
1772,1561,怖,0.00%,1776,
1773,1868,添,0.00%,1859,
1774,1869,悔,0.00%,1853,
1775,1562,慌,0.01%,1650,
1776,1870,悅,0.00%,1995,
1777,2417,憎,0.00%,2617,
1778,1871,忌,0.00%,1922,
1779,1872,惟,0.00%,1856,
1780,1563,懼,0.01%,1616,
1781,1270,患,0.01%,1249,
1782,2146,惹,0.00%,2272,
1783,684,恩,0.02%,888,
1784,1271,憶,0.01%,1333,
1785,2147,媳,0.00%,2393,
1786,2657,熄,0.00%,2858,
1787,1564,瑟,0.01%,1694,
1788,2418,泌,0.00%,2609,
1789,1873,蜜,0.00%,2014,
1790,1001,摩,0.01%,1162,
1791,2895,蛾,0.00%,3398,
1792,2823,扒,0.00%,3121,
1793,1567,扣,0.01%,1625,
1794,2149,捐,0.00%,2235,
1795,1002,拍,0.01%,1167,
1796,2659,啪,0.00%,2812,
1797,1003,損,0.02%,911,
1798,2660,扛,0.00%,2989,
1799,1279,扎,0.01%,1411,
1800,2824,拇,0.00%,3031,
1801,1874,拘,0.00%,2098,
1802,2150,抄,0.00%,2213,
1803,2151,拓,0.00%,2238,
1804,2420,捏,0.00%,2472,
1805,2661,撓,0.00%,2794,
1806,1875,抹,0.00%,2087,
1807,1280,描,0.01%,1246,
1808,1281,摸,0.01%,1367,
1809,1282,挑,0.01%,1309,
1810,2825,拴,0.00%,3170,
1811,1876,拾,0.00%,1961,
1812,1877,搭,0.00%,1842,
1813,1878,掠,0.00%,1868,
1814,2977,捨,0.01%,1344,
1815,2896,拭,0.00%,3337,
1816,1879,扯,0.00%,2084,
1817,1283,拖,0.01%,1492,
1818,1004,揚,0.01%,1084,
1819,1005,搞,0.01%,1146,
1820,1568,撞,0.01%,1540,
1821,1880,摘,0.00%,2026,
1822,2421,捆,0.00%,2640,
1823,2662,撼,0.00%,2987,
1824,1284,擾,0.01%,1483,
1825,2152,擅,0.00%,2377,
1826,1881,壇,0.00%,1806,
1827,1882,顫,0.00%,1900,
1828,2663,莽,0.00%,2714,
1829,1569,戒,0.01%,1566,
1830,1570,械,0.01%,1657,
1831,2664,誡,0.00%,2770,
1832,1285,奔,0.01%,1285,
1833,1571,噴,0.01%,1729,
1834,2153,墳,0.00%,2370,
1835,1572,憤,0.01%,1508,
1836,1006,材,0.02%,952,
1837,1883,孕,0.00%,2094,
1838,1884,扔,0.00%,1905,
1839,2422,圾,0.00%,2634,
1840,2154,叉,0.00%,2231,
1841,1573,桑,0.01%,1528,
1842,2423,嗓,0.00%,2496,
1843,2424,寇,0.00%,2567,
1844,1574,敲,0.01%,1732,
1845,1885,灌,0.00%,2077,
1846,152,權,0.07%,297,
1847,1886,毅,0.00%,1946,
1848,2155,肢,0.00%,2335,
1849,2665,妓,0.00%,2777,
1850,1887,歧,0.00%,2071,
1851,1888,翅,0.00%,2066,
1852,2425,淑,0.00%,2643,
1853,2826,椒,0.00%,3187,
1854,2978,后,0.30%,48,
1855,1286,盾,0.01%,1395,
1856,2426,販,0.00%,2466,
1857,2827,扳,0.00%,3169,
1858,2666,覓,0.00%,2825,
1859,1889,妥,0.00%,1840,
1860,2828,睬,0.00%,3250,
1861,1287,允,0.01%,1443,
1862,1890,勾,0.00%,2034,
1863,1575,晉,0.01%,1645,
1864,1576,宏,0.00%,1798,
1865,1891,胎,0.00%,1984,
1866,2667,冶,0.00%,2792,
1867,2979,颱,0.06%,388,
1868,2829,怠,0.00%,3024,
1869,1288,抬,0.01%,1386,
1870,1577,丟,0.01%,1639,
1871,2980,臺,0.06%,388,
1872,419,致,0.04%,524,
1873,1289,撤,0.01%,1270,
1874,2668,硫,0.00%,2730,
1875,2669,琉,0.00%,2962,
1876,1892,疏,0.00%,1897,
1877,2670,蔬,0.00%,2721,
1878,2158,崩,0.00%,2178,
1879,1291,岩,0.01%,1423,
1880,2672,崎,0.00%,2751,
1881,2159,崖,0.00%,2247,
1882,2160,炭,0.00%,2369,
1883,2673,碳,0.00%,2740,
1884,2161,盼,0.00%,2174,
1885,2162,頒,0.00%,2319,
1886,1893,芬,0.00%,1890,
1887,1894,扮,0.00%,1974,
1888,2830,岔,0.00%,3134,
1889,2427,頌,0.00%,2414,
1890,1895,訟,0.00%,1862,
1891,2163,翁,0.00%,2112,
1892,1896,裕,0.00%,2023,
1893,2949,榕,0.00%,4127,
1894,1297,賞,0.01%,1450,
1895,2983,嘗,0.01%,1621,
1896,1580,嚐,0.01%,1621,
1897,715,掌,0.02%,890,
1898,1899,擋,0.00%,1933,
1899,2675,膛,0.00%,2865,
1900,1581,頗,0.01%,1560,
1901,1582,坡,0.01%,1550,
1902,1900,披,0.00%,2032,
1903,1298,彼,0.01%,1256,
1904,1901,皺,0.00%,1954,
1905,2897,雛,0.00%,3484,
1906,1299,趨,0.01%,1486,
1907,2955,菠,0.00%,4540,
1908,1300,殖,0.01%,1438,
1909,1016,殊,0.01%,1191,
1910,1017,殘,0.01%,1150,
1911,2676,咧,0.00%,2741,
1912,1301,裂,0.01%,1317,
1913,2428,耿,0.00%,2687,
1914,2165,恥,0.00%,2169,
1915,1302,輯,0.01%,1362,
1916,1303,攝,0.01%,1403,
1917,2429,娶,0.00%,2494,
1918,1583,扶,0.01%,1612,
1919,2430,熙,0.00%,2485,
1920,2166,腎,0.00%,2361,
1921,2431,募,0.00%,2657,
1922,1304,脅,0.01%,1494,
1923,1902,劣,0.00%,1902,
1924,2167,勳,0.00%,2349,
1925,1584,勸,0.01%,1562,
1926,1903,劫,0.00%,1825,
1927,1018,怒,0.01%,1143,
1928,2831,茄,0.00%,3136,
1929,2984,彷,0.00%,3487,
1930,2985,征,0.03%,739,
1931,1019,徒,0.01%,1060,
1932,2832,徊,0.00%,3003,
1933,716,徵,0.03%,739,
1934,1904,懲,0.00%,1821,
1935,1585,循,0.01%,1744,
1936,1305,徹,0.01%,1240,
1937,1306,役,0.01%,1245,
1938,2432,衍,0.00%,2437,
1939,1307,衡,0.01%,1340,
1940,2168,銜,0.00%,2328,
1941,2434,禿,0.00%,2521,
1942,2677,頹,0.00%,2996,
1943,1905,秒,0.00%,2028,
1944,1310,稍,0.01%,1373,
1945,2170,穌,0.00%,2292,
1946,443,蘇,0.04%,590,
1947,2678,萎,0.00%,2757,
1948,2933,黏,0.00%,3645,
1949,1311,黎,0.01%,1476,
1950,2171,漆,0.00%,2296,
1951,2172,膝,0.00%,2307,
1952,2899,稠,0.00%,3367,
1953,1588,稿,0.01%,1587,
1954,2435,穎,0.00%,2514,
1955,720,稅,0.02%,781,
1956,2679,稼,0.00%,2800,
1957,1589,菌,0.01%,1733,
1958,2680,稚,0.00%,2720,
1959,2986,穫,0.03%,688,
1960,1025,私,0.02%,1023,
1961,1590,秩,0.01%,1749,
1962,1906,殼,0.00%,1937,
1963,2987,穀,0.01%,1095,
1964,2950,鍬,0.00%,4137,
1965,2833,揪,0.00%,3065,
1966,2834,梨,0.00%,3004,
1967,2835,犁,0.00%,3176,
1968,2988,曆,0.04%,480,
1969,2436,糕,0.00%,2413,
1970,1312,糊,0.01%,1393,
1971,2173,粘,0.00%,2240,
1972,1313,糧,0.01%,1303,
1973,2437,菊,0.00%,2509,
1974,2836,糙,0.00%,3118,
1975,1591,粒,0.01%,1714,
1976,2438,燦,0.00%,2591,
1977,1314,粉,0.01%,1498,
1978,2681,瞇,0.00%,2955,
1979,1026,幣,0.01%,1188,
1980,2439,斃,0.00%,2534,
1981,2174,蔽,0.00%,2121,
1982,2682,撇,0.00%,2882,
1983,2175,弊,0.00%,2348,
1984,2900,筍,0.00%,3455,
1985,1907,筒,0.00%,2088,
1986,1027,築,0.01%,1130,
1987,2176,笨,0.00%,2323,
1988,1315,箭,0.01%,1496,
1989,2177,筋,0.00%,2252,
1990,1319,伍,0.01%,1472,
1991,1594,仇,0.01%,1536,
1992,2181,倡,0.00%,2185,
1993,735,伯,0.02%,821,
1994,1595,仲,0.01%,1706,
1995,1320,估,0.01%,1326,
1996,1321,偵,0.01%,1479,
1997,1909,俱,0.00%,1909,
1998,1322,側,0.01%,1220,
1999,2683,佑,0.00%,2775,
2000,1910,佐,0.00%,2081,
2001,1596,仔,0.01%,1572,
2002,2684,俏,0.00%,2880,
2003,2182,倘,0.00%,2118,
2004,2442,倚,0.00%,2620,
2005,1597,佳,0.01%,1583,
2006,1911,侍,0.00%,1871,
2007,1033,伙,0.01%,1047,
2008,1598,宿,0.01%,1752,
2009,1323,伏,0.01%,1389,
2010,2901,袱,0.00%,3352,
2011,1324,偷,0.01%,1284,
2012,1912,伐,0.00%,1810,
2013,1599,佩,0.01%,1507,
2014,2991,佈,0.06%,380,
2015,2183,僑,0.00%,2340,
2016,1034,億,0.01%,1057,
2017,1325,傾,0.01%,1260,
2018,2443,侮,0.00%,2621,
2019,1326,倍,0.01%,1392,
2020,1327,仿,0.01%,1259,
2021,1913,傲,0.00%,1960,
2022,1914,僧,0.00%,2013,
2023,1915,悠,0.00%,2055,
2024,1035,俄,0.02%,975,
2025,1328,儀,0.01%,1283,
2026,2444,侄,0.00%,2664,
2027,1329,仙,0.01%,1255,
2028,1330,俗,0.01%,1354,
2029,1331,償,0.01%,1329,
2030,1916,臥,0.00%,1944,
2031,2445,傍,0.00%,2558,
2032,2685,俺,0.00%,2749,
2033,2446,淹,0.00%,2580,
2034,1600,掩,0.01%,1514,
2035,1917,催,0.00%,2064,
2036,2184,摧,0.00%,2166,
2037,1918,攜,0.00%,1964,
2038,1332,符,0.01%,1205,
2039,1601,貸,0.01%,1605,
2040,1333,荷,0.01%,1427,
2041,1602,仗,0.01%,1712,
2042,2447,杖,0.00%,2435,
2043,1603,夾,0.01%,1758,
2044,1334,俠,0.01%,1216,
2045,2448,頰,0.00%,2655,
2046,1919,狹,0.00%,2018,
2047,2686,挾,0.00%,2816,
2048,1604,峽,0.01%,1727,
2049,2185,傘,0.00%,2202,
2050,1335,聚,0.01%,1306,
2051,2449,挫,0.00%,2426,
2052,736,劍,0.02%,869,
2053,2687,斂,0.00%,2925,
2054,2688,撿,0.00%,2753,
2055,1336,簽,0.01%,1254,
2056,2689,儉,0.00%,2891,
2057,1036,萊,0.01%,1196,
2058,1920,葛,0.00%,1919,
2059,2450,褐,0.00%,2654,
2060,1921,竭,0.00%,1987,
2061,1922,歇,0.00%,1828,
2062,1605,揭,0.01%,1666,
2063,2186,淫,0.00%,2297,
2064,1338,挺,0.01%,1467,
2065,1039,瓦,0.01%,1195,
2066,2187,瓷,0.00%,2285,
2067,1608,瓶,0.01%,1703,
2068,2837,鋁,0.00%,3217,
2069,1040,宮,0.02%,982,
2070,2452,瑩,0.00%,2668,
2071,2902,螢,0.00%,3434,
2072,2453,撈,0.00%,2508,
2073,2690,煥,0.00%,2773,
2074,1340,旋,0.01%,1383,
2075,1927,吻,0.00%,1973,
2076,1610,匆,0.01%,1622,
2077,1928,錫,0.00%,2058,
2078,2691,惕,0.00%,2742,
2079,2455,屑,0.00%,2516,
2080,1929,尿,0.00%,1877,
2081,1930,刷,0.00%,1824,
2082,2903,犀,0.00%,3490,
2083,1341,遲,0.01%,1374,
2084,1931,漏,0.00%,2052,
2085,2188,屁,0.00%,2295,
2086,1932,履,0.00%,1802,
2087,2904,屎,0.00%,3336,
2088,1933,屏,0.00%,1891,
2089,1611,屈,0.01%,1684,
2090,2189,掘,0.00%,2212,
2091,1342,尺,0.01%,1474,
2092,1343,眉,0.01%,1460,
2093,2190,媚,0.00%,2291,
2094,1344,肩,0.01%,1415,
2095,2456,妒,0.00%,2598,
2096,1345,淚,0.01%,1271,
2097,1346,啓,0.01%,1320,
2098,1934,扇,0.00%,1993,
2099,1615,奈,0.01%,1624,
2100,750,款,0.02%,807,
2101,2905,祟,0.00%,3414,
2102,1616,祝,0.01%,1651,
2103,1617,祥,0.01%,1674,
2104,751,祕,0.02%,896,
2105,1618,慰,0.01%,1632,
2106,2839,蔚,0.00%,3188,
2107,2906,蒜,0.00%,3444,
2108,2693,棕,0.00%,2774,
2109,1350,宙,0.01%,1421,
2110,2457,軸,0.00%,2438,
2111,1619,袖,0.01%,1686,
2112,2458,笛,0.00%,2561,
2113,2694,坤,0.00%,2910,
2114,2695,呻,0.00%,2929,
2115,2191,暢,0.00%,2122,
2116,2993,夥,0.00%,4577,
2117,2192,巢,0.00%,2298,
2118,2193,棵,0.00%,2108,
2119,2194,裸,0.00%,2164,
2120,2195,裹,0.00%,2387,
2121,1058,析,0.01%,1073,
2122,2196,晰,0.00%,2220,
2123,2934,芹,0.00%,3740,
2124,1059,折,0.01%,1131,
2125,1060,哲,0.01%,1117,
2126,2197,逝,0.00%,2102,
2127,1938,誓,0.00%,2095,
2128,1621,欣,0.01%,1523,
2129,2462,掀,0.00%,2468,
2130,2463,祈,0.00%,2443,
2131,2698,慚,0.00%,2943,
2132,2840,嶄,0.00%,3035,
2133,1939,拆,0.00%,2076,
2134,1061,炸,0.02%,976,
2135,2464,詐,0.00%,2403,
2136,1062,妻,0.01%,1076,
2137,2198,淒,0.00%,2352,
2138,2465,棲,0.00%,2460,
2139,2199,煞,0.00%,2280,
2140,1622,捷,0.00%,1789,
2141,2699,秉,0.00%,2809,
2142,1940,剝,0.00%,1959,
2143,2994,彙,0.01%,1187,
2144,1623,兼,0.01%,1515,
2145,2200,賺,0.00%,2182,
2146,1941,嫌,0.00%,1826,
2147,2201,謙,0.00%,2345,
2148,2202,歉,0.00%,2149,
2149,1942,廉,0.00%,1818,
2150,2935,鐮,0.00%,3824,
2151,2466,簾,0.00%,2458,
2152,1943,睜,0.00%,1963,
2153,1944,掙,0.00%,1875,
2154,2907,箏,0.00%,3436,
2155,2467,塘,0.00%,2436,
2156,2203,逮,0.00%,2216,
2157,1945,隸,0.00%,1801,
2158,2700,慷,0.00%,2935,
2159,2951,糠,0.00%,4169,
2160,2204,耍,0.00%,2260,
2161,1356,耐,0.01%,1409,
2162,1946,喘,0.00%,1977,
2163,2841,揣,0.00%,3034,
2164,1947,糟,0.00%,1918,
2165,1063,遭,0.01%,1048,
2166,2701,槽,0.00%,2993,
2167,1624,抖,0.01%,1757,
2168,2205,庸,0.00%,2148,
2169,2468,傭,0.00%,2546,
2170,2469,甩,0.00%,2603,
2171,1626,惜,0.01%,1512,
2172,1066,措,0.01%,1148,
2173,1067,棄,0.01%,1105,
2174,1627,燕,0.01%,1705,
2175,2208,遮,0.00%,2135,
2176,2703,畔,0.00%,2833,
2177,2909,拌,0.00%,3570,
2178,1628,叛,0.00%,1779,
2179,1363,券,0.01%,1481,
2180,2209,藤,0.00%,2200,
2181,763,狀,0.03%,624,
2182,1364,牆,0.01%,1212,
2183,2210,鼎,0.00%,2356,
2184,2704,寢,0.00%,2806,
2185,1068,侵,0.01%,1086,
2186,2211,浸,0.00%,2354,
2187,2842,贓,0.00%,3296,
2188,1069,藏,0.02%,907,
2189,1629,臟,0.01%,1634,
2190,1365,獎,0.01%,1233,
2191,2471,漿,0.00%,2626,
2192,2705,槳,0.00%,2939,
2193,1070,蔣,0.01%,1172,
2194,2212,淵,0.00%,2192,
2195,1630,肅,0.01%,1518,
2196,2213,嘯,0.00%,2301,
2197,1949,蕭,0.00%,1898,
2198,2910,鏽,0.00%,3366,
2199,2214,芝,0.00%,2150,
2200,2472,貶,0.00%,2536,
2201,1366,泛,0.01%,1327,
2202,2215,歪,0.00%,2239,
2203,2708,矯,0.00%,2916,
2204,1950,矮,0.00%,2027,
2205,1951,唉,0.00%,2091,
2206,1073,埃,0.01%,1121,
2207,1952,挨,0.00%,2012,
2208,2709,簇,0.00%,2896,
2209,2217,茅,0.00%,2339,
2210,2936,橘,0.00%,3614,
2211,1369,舒,0.01%,1459,1
2212,2473,弘,0.00%,2619,
2213,2218,夷,0.00%,2337,
2214,2219,姨,0.00%,2287,
2215,1953,疆,0.00%,2036,
2216,2220,僵,0.00%,2333,
2217,2221,薑,0.00%,2394,
2218,2843,粥,0.00%,3021,
2219,2474,沸,0.00%,2698,
2220,2475,拂,0.00%,2623,
2221,2844,剃,0.00%,3289,
2222,2845,涕,0.00%,3006,
2223,1633,梯,0.01%,1672,
2224,2476,朽,0.00%,2544,
2225,2222,聘,0.00%,2253,
2226,1954,犧,0.00%,1814,
2227,2223,姊,0.00%,2236,
2228,1635,躺,0.01%,1608,
2229,1636,躲,0.01%,1644,
2230,2478,躬,0.00%,2650,
2231,2710,嗜,0.00%,2988,
2232,2846,拷,0.00%,3230,
2233,2711,暑,0.00%,2743,
2234,2479,睹,0.00%,2568,
2235,1956,賭,0.00%,2037,
2236,2712,奢,0.00%,2708,
2237,2226,堵,0.00%,2284,
2238,2480,煮,0.00%,2582,
2239,1076,諸,0.02%,1021,
2240,1637,儲,0.01%,1526,
2241,2227,屠,0.00%,2171,
2242,1371,署,0.01%,1379,
2243,2911,薯,0.00%,3363,
2244,1077,歸,0.02%,933,
2245,2912,篩,0.00%,3388,
2246,2481,棺,0.00%,2686,
2247,1957,爹,0.00%,2004,
2248,2713,斧,0.00%,2771,
2249,1638,咬,0.01%,1658,
2250,2482,狡,0.00%,2670,
2251,2714,趴,0.00%,2977,
2252,1639,踏,0.01%,1753,
2253,1640,踐,0.01%,1578,
2254,2483,蹄,0.00%,2648,
2255,1958,捉,0.00%,1822,
2256,2484,踩,0.00%,2570,
2257,2715,蹦,0.00%,2839,
2258,1641,跌,0.01%,1590,
2259,1078,促,0.01%,1102,
2260,2485,踢,0.00%,2444,
2261,2486,躁,0.00%,2451,
2262,2716,噪,0.00%,2799,
2263,2487,澡,0.00%,2695,
2264,2488,藻,0.00%,2652,
2265,1079,操,0.01%,1173,
2266,2489,燥,0.00%,2613,
2267,1642,躍,0.01%,1516,
2268,2717,戳,0.00%,2944,
2269,1959,耀,0.00%,1804,
2270,2847,猾,0.00%,3083,
2271,2718,髓,0.00%,2808,
2272,2995,髒,0.01%,1634,
2273,2719,渦,0.00%,2759,
2274,1960,鍋,0.00%,2074,
2275,2937,蝸,0.00%,3723,
2276,1961,禍,0.00%,1870,
2277,2228,陌,0.00%,2243,
2278,2490,隙,0.00%,2419,
2279,2229,陡,0.00%,2362,
2280,1372,障,0.01%,1237,
2281,1643,陪,0.01%,1664,
2282,2913,隧,0.00%,3342,
2283,2230,墜,0.00%,2279,
2284,2491,陋,0.00%,2660,
2285,1964,挖,0.00%,1860,
2286,2231,窯,0.00%,2342,
2287,2720,窺,0.00%,2748,
2288,2721,窟,0.00%,2924,
2289,2232,窄,0.00%,2244,
2290,2938,榨,0.00%,3657,
2291,2722,窘,0.00%,2979,
2292,1373,窮,0.01%,1343,
2293,1965,窩,0.00%,1962,
2294,1966,腔,0.00%,1914,
2295,1376,累,0.01%,1323,
2296,2233,螺,0.00%,2386,
2297,2492,紗,0.00%,2430,
2298,2723,綽,0.00%,2930,
2299,1377,紹,0.01%,1234,
2300,2848,絮,0.00%,3125,
2301,1378,繞,0.01%,1485,
2302,2997,紮,0.01%,1411,
2303,2234,綿,0.00%,2186,
2304,1967,繪,0.00%,1809,
2305,1085,絡,0.01%,1118,
2306,2493,綢,0.00%,2635,
2307,2494,絨,0.00%,2678,
2308,2495,締,0.00%,2688,
2309,1645,紫,0.01%,1646,
2310,1379,繁,0.01%,1296,
2311,2496,紡,0.00%,2409,
2312,2939,繭,0.00%,3608,
2313,1968,纏,0.00%,2046,
2314,2998,緻,0.04%,524,
2315,2999,繫,0.10%,216,
2316,790,納,0.03%,684,
2317,1086,紛,0.01%,1181,
2318,1380,縮,0.01%,1304,
2319,1381,綜,0.01%,1425,
2320,2497,紳,0.00%,2554,
2321,1382,緣,0.01%,1274,
2322,1383,緒,0.01%,1413,
2323,2498,絞,0.00%,2672,
2324,1087,緩,0.01%,1111,
2325,1646,暖,0.01%,1745,
2326,1088,援,0.01%,1197,
2327,791,索,0.02%,805,
2328,1647,勃,0.01%,1533,
2329,2235,脖,0.00%,2175,
2330,1969,繳,0.00%,1834,
2331,1970,邀,0.00%,1854,
2332,2499,繡,0.00%,2434,
2333,2724,蘿,0.00%,2745,
2334,2849,鑼,0.00%,3162,
2335,1648,邏,0.01%,1591,
2336,2954,籮,0.00%,4446,
2337,1971,蠻,0.00%,2068,
2338,2236,頸,0.00%,2117,
2339,2500,莖,0.00%,2675,
2340,1384,勁,0.01%,1358,
2341,1385,徑,0.01%,1307,
2342,2237,溪,0.00%,2194,
2343,1649,幼,0.01%,1577,
2344,1650,幽,0.01%,1636,
2345,1651,濕,0.01%,1743,
2346,1652,玄,0.01%,1717,
2347,1972,畜,0.00%,2030,
2348,1973,蓄,0.00%,1985,
2349,1653,牽,0.01%,1679,
2350,2238,弦,0.00%,2258,
2351,1654,磁,0.00%,1771,
2352,1974,滋,0.00%,1931,
2353,1386,慈,0.01%,1487,
2354,2725,譏,0.00%,2922,
2355,2726,爍,0.00%,2702,
2356,1655,遜,0.01%,1697,
2357,2501,卸,0.00%,2479,
2358,3000,御,0.01%,1381,
2359,1389,禦,0.01%,1381,
2360,1978,卵,0.00%,2008,
2361,2850,孵,0.00%,3256,
2362,1979,乳,0.00%,1831,
2363,1390,浮,0.01%,1462,
2364,1980,俘,0.00%,2057,
2365,1981,卿,0.00%,2029,
2366,1089,貿,0.01%,1092,
2367,2502,榴,0.00%,2644,
2368,797,疑,0.03%,698,
2369,1391,礙,0.01%,1437,
2370,1657,凝,0.01%,1631,
2371,1658,擬,0.01%,1541,
2372,1982,玲,0.00%,1855,
2373,1983,鈴,0.00%,1969,
2374,2727,伶,0.00%,2906,
2375,2239,嶺,0.00%,2214,
2376,2503,桶,0.00%,2411,
2377,2504,誦,0.00%,2557,
2378,1659,湧,0.01%,1642,
2379,3001,踴,0.00%,3884,
2380,1090,卷,0.02%,1016,
2381,1392,圈,0.01%,1366,
2382,3002,捲,0.02%,1016,
2383,2240,倦,0.00%,2329,
2384,798,範,0.03%,705,
2385,1660,怨,0.01%,1637,
2386,2505,宛,0.00%,2528,
2387,2506,腕,0.00%,2581,
2388,2728,婉,0.00%,2798,
2389,1984,碗,0.00%,1939,
2390,2507,詭,0.00%,2578,
2391,2241,跪,0.00%,2128,
2392,2242,輿,0.00%,2341,
2393,1985,酬,0.00%,2005,
2394,2729,酌,0.00%,2984,
2395,1986,酷,0.00%,1867,
2396,2508,醇,0.00%,2560,
2397,2851,醋,0.00%,3076,
2398,1663,醉,0.00%,1783,
2399,1664,粹,0.01%,1736,
2400,2245,翠,0.00%,2177,
2401,1395,碎,0.01%,1420,
2402,1396,酸,0.01%,1456,
2403,2509,梭,0.00%,2681,
2404,2510,峻,0.00%,2506,
2405,3004,俊,0.00%,1847,
2406,2852,釁,0.00%,3146,
2407,2853,醬,0.00%,3100,
2408,1397,猶,0.01%,1230,
2409,2511,奠,0.00%,2656,
2410,2512,蹲,0.00%,2497,
2411,2513,逗,0.00%,2587,
2412,1665,豈,0.01%,1726,
2413,1398,凱,0.01%,1447,
2414,2514,豎,0.00%,2505,
2415,1987,嘉,0.00%,1845,
2416,2515,嘻,0.00%,2432,
2417,1099,盟,0.01%,1163,
2418,1666,孟,0.01%,1575,
2419,1100,猛,0.01%,1157,
2420,1101,盛,0.01%,1142,
2421,2730,盞,0.00%,2803,
2422,1988,盒,0.00%,2067,
2423,1667,盜,0.01%,1619,
2424,3005,盪,0.01%,1424,
2425,1102,寧,0.02%,1019,
2426,2246,盈,0.00%,2111,
2427,1989,盆,0.00%,2035,
2428,3006,盃,0.01%,1396,
2429,2516,蘊,0.00%,2633,
2430,2247,濫,0.00%,2282,
2431,1668,鑑,0.01%,1655,
2432,2731,尷,0.00%,2726,
2433,2732,尬,0.00%,2729,
2434,1669,拋,0.01%,1692,
2435,2517,耽,0.00%,2658,
2436,2518,枕,0.00%,2605,
2437,1990,覽,0.00%,1886,
2438,2733,攬,0.00%,2807,
2439,2734,纜,0.00%,2821,
2440,1670,狠,0.01%,1654,
2441,1399,恨,0.01%,1295,
2442,1991,爵,0.00%,1925,
2443,2735,嚼,0.00%,2731,
2444,2248,懇,0.00%,2265,
2445,2854,墾,0.00%,3038,
2446,2519,豹,0.00%,2507,
2447,1671,貓,0.01%,1673,
2448,1672,貌,0.01%,1595,
2449,1400,朗,0.01%,1276,
2450,1673,狼,0.01%,1708,
2451,2249,飢,0.00%,2173,
2452,2250,饒,0.00%,2266,
2453,1674,飾,0.01%,1604,
2454,1675,飲,0.01%,1569,
2455,2520,蝕,0.00%,2625,
2456,1992,飽,0.00%,1998,
2457,2940,饅,0.00%,3628,
2458,2251,餅,0.00%,2359,
2459,2941,餃,0.00%,3650,
2460,1993,餓,0.00%,1911,
2461,1103,潛,0.01%,1112,
2462,2736,蠶,0.00%,2787,
2463,2915,溉,0.00%,3524,
2464,2252,慨,0.00%,2208,
2465,2254,萍,0.00%,2180,
2466,2942,秤,0.00%,3737,
2467,2856,淆,0.00%,3263,
2468,1407,艾,0.01%,1291,
2469,2255,哎,0.00%,2294,
2470,1677,拔,0.01%,1502,
2471,2525,攀,0.00%,2439,
2472,2739,屯,0.00%,2864,
2473,825,頓,0.02%,794,
2474,1678,噸,0.01%,1700,
2475,1107,純,0.01%,1125,
2476,1679,屆,0.01%,1522,
2477,1680,齒,0.00%,1773,
2478,3008,齣,0.39%,28,
2479,1681,齡,0.01%,1510,
2480,2740,洶,0.00%,2746,
2481,2857,籬,0.00%,3158,
2482,2526,辜,0.00%,2596,
2483,1994,宰,0.00%,2080,
2484,1995,辨,0.00%,1910,
2485,2858,辮,0.00%,3240,
2486,1682,臂,0.01%,1688,
2487,2527,劈,0.00%,2487,
2488,2528,譬,0.00%,2441,
2489,2741,僻,0.00%,2827,
2490,1108,譯,0.01%,1198,
2491,1109,擇,0.02%,961,
2492,1110,澤,0.02%,951,
2493,2529,墊,0.00%,2597,
2494,2859,摯,0.00%,3012,
2495,1683,糾,0.01%,1723,
2496,1684,凌,0.01%,1731,
2497,2742,菱,0.00%,2802,
2498,1996,陵,0.00%,1965,
2499,2256,咳,0.00%,2373,
2500,2257,剎,0.00%,2249,
2501,2258,嚷,0.00%,2256,
2502,2743,釀,0.00%,2764,
2503,1111,塞,0.01%,1080,
2504,2259,寨,0.00%,2313,
2505,1410,憲,0.01%,1484,
2506,1998,晴,0.00%,1968,
2507,1690,猜,0.01%,1598,
2508,2531,靖,0.00%,2545,
2509,1411,債,0.01%,1223,
2510,3010,蹟,0.01%,1098,
2511,1691,牲,0.01%,1582,
2512,1412,隆,0.01%,1400,
2513,2745,腥,0.00%,2747,
2514,1999,猩,0.00%,2016,
2515,1118,醒,0.01%,1075,
2516,2262,瞎,0.00%,2395,
2517,1692,轄,0.01%,1643,
2518,2000,契,0.00%,1819,
2519,1413,拜,0.01%,1218,
2520,1693,潔,0.01%,1531,
2521,2001,蜂,0.00%,1912,
2522,1414,峰,0.01%,1473,
2523,1694,鋒,0.01%,1671,
2524,2263,逢,0.00%,2181,
2525,2264,蓬,0.00%,2398,
2526,2002,縫,0.00%,1852,
2527,1695,奏,0.01%,1543,
2528,2265,湊,0.00%,2193,
2529,1415,秦,0.01%,1394,
2530,2266,蠢,0.00%,2195,
2531,2267,捧,0.00%,2353,
2532,1416,嘆,0.01%,1299,
2533,1696,艱,0.01%,1647,
2534,2003,灘,0.00%,2062,
2535,1119,畢,0.01%,1093,
2536,2860,唾,0.00%,3040,
2537,2005,吟,0.00%,2015,
2538,2006,貪,0.00%,1874,
2539,1698,琴,0.01%,1701,
2540,2533,栗,0.00%,2595,
2541,2746,潭,0.00%,2750,
2542,1699,遷,0.01%,1630,
2543,2007,覆,0.00%,1823,
2544,1700,飄,0.01%,1527,
2545,3011,闆,0.02%,930,
2546,1705,闊,0.01%,1675,
2547,1418,閉,0.01%,1267,
2548,1419,潤,0.01%,1369,
2549,1706,閣,0.01%,1682,
2550,2268,擱,0.00%,2380,
2551,2269,闡,0.00%,2197,
2552,1420,閱,0.01%,1489,
2553,2009,悶,0.00%,1830,
2554,1125,閃,0.01%,1113,
2555,2534,閥,0.00%,2671,
2556,2862,閘,0.00%,3280,
2557,2270,闢,0.00%,2140,
2558,1707,蒼,0.01%,1728,
2559,1421,搶,0.01%,1412,
2560,1422,菲,0.01%,1418,
2561,1423,輩,0.01%,1477,
2562,1126,悲,0.01%,1166,
2563,2863,徘,0.00%,3084,
2564,2010,殲,0.00%,1815,
2565,3012,籤,0.01%,1254,
2566,2271,纖,0.00%,2106,
2567,2011,喉,0.00%,2096,
2568,2272,猴,0.00%,2187,
2569,1424,韓,0.01%,1221,
2570,1127,違,0.01%,1184,
2571,2535,緯,0.00%,2697,
2572,2748,竿,0.00%,2934,
2573,2273,罕,0.00%,2221,
2574,2274,軒,0.00%,2389,
2575,1708,肝,0.00%,1760,
2576,1426,刊,0.01%,1241,
2577,1427,汗,0.01%,1490,
2578,2012,桿,0.00%,2011,
2579,2864,悍,0.00%,3073,
2580,1428,徐,0.01%,1313,
2581,1709,敘,0.01%,1607,
2582,1710,塗,0.01%,1735,
2583,1711,斜,0.00%,1786,
2584,2538,喇,0.00%,2677,
2585,2749,嗽,0.00%,2815,
2586,1429,賴,0.01%,1365,
2587,2275,懶,0.00%,2230,
2588,2539,嫩,0.00%,2500,
2589,1712,煉,0.00%,1763,
2590,2013,鍊,0.00%,2099,
2591,1713,腫,0.00%,1792,
2592,1714,董,0.01%,1629,
2593,3016,鍾,0.00%,4201,
2594,2865,痰,0.00%,3044,
2595,1432,症,0.01%,1258,
2596,1716,疼,0.01%,1710,
2597,3018,癒,0.01%,1301,
2598,1717,疫,0.00%,1791,
2599,1718,癌,0.00%,1799,
2600,1719,疲,0.00%,1778,
2601,1433,疾,0.01%,1273,
2602,2276,痴,0.00%,2225,
2603,2277,瘤,0.00%,2141,
2604,2014,痕,0.00%,1938,
2605,2541,癢,0.00%,2646,
2606,2750,癱,0.00%,2823,
2607,2866,瘡,0.00%,3093,
2608,1136,穩,0.01%,1055,
2609,1137,隱,0.02%,1034,
2610,2867,癮,0.00%,3258,
2611,1138,巨,0.02%,913,
2612,2278,渠,0.00%,2315,
2613,1434,拒,0.01%,1331,
2614,2279,矩,0.00%,2160,
2615,1435,距,0.01%,1202,
2616,2280,框,0.00%,2144,
2617,2916,筐,0.00%,3419,
2618,2542,砸,0.00%,2456,
2619,1139,匯,0.01%,1187,
2620,2281,匠,0.00%,2110,
2621,2282,匪,0.00%,2201,
2622,2751,匿,0.00%,2804,
2623,2543,兜,0.00%,2512,
2624,2752,嘔,0.00%,2855,
2625,2917,毆,0.00%,3354,
2626,2283,軀,0.00%,2310,
2627,2015,昂,0.00%,1952,
2628,1720,抑,0.01%,1748,
2629,2918,葵,0.00%,3580,
2630,2284,僚,0.00%,2234,
2631,2016,遼,0.00%,2086,
2632,3019,瞭,1.10%,5,
2633,1140,療,0.02%,949,
2634,2017,瞪,0.00%,2049,
2635,2544,凳,0.00%,2680,
2636,2753,澄,0.00%,2756,
2637,2285,潑,0.00%,2327,
2638,2018,撥,0.00%,1807,
2639,2755,杉,0.00%,2718,
2640,2756,彬,0.00%,2736,
2641,2287,衫,0.00%,2153,
2642,2757,彰,0.00%,2953,
2643,2546,膨,0.00%,2415,
2644,2288,趁,0.00%,2109,
2645,1437,診,0.01%,1401,
2646,2547,滲,0.00%,2520,
2647,2289,膠,0.00%,2170,
2648,2290,謬,0.00%,2390,
2649,2868,寥,0.00%,3116,
2650,2019,斑,0.00%,2053,
2651,1723,紋,0.00%,1768,
2652,2869,鏟,0.00%,3057,
2653,1143,薩,0.01%,1046,
2654,2291,脊,0.00%,2228,
2655,2020,函,0.00%,1950,
2656,2292,涵,0.00%,2330,
2657,1438,映,0.01%,1316,
2658,2919,殃,0.00%,3562,
2659,1724,肥,0.01%,1620,
2660,1439,爬,0.01%,1426,
2661,2870,疤,0.00%,3055,
2662,2293,艷,0.00%,2104,
2663,2021,甜,0.00%,2020,
2664,2920,鉗,0.00%,3344,
2665,1726,媒,0.01%,1506,
2666,1727,煤,0.01%,1740,
2667,1146,謀,0.02%,989,
2668,2022,棋,0.00%,2089,
2669,1728,欺,0.01%,1699,
2670,1441,旗,0.01%,1407,
2671,2758,嘶,0.00%,2776,
2672,2294,撕,0.00%,2334,
2673,2023,堪,0.00%,1811,
2674,2548,勘,0.00%,2585,
2675,1729,遣,0.00%,1780,
2676,2549,譴,0.00%,2527,
2677,2024,囊,0.00%,2041,
2678,2025,潰,0.00%,1916,
2679,2026,櫃,0.00%,1994,
2680,1442,宜,0.01%,1290,
2681,2295,誼,0.00%,2136,
2682,1443,租,0.01%,1397,
2683,1444,粗,0.01%,1414,
2684,1147,阻,0.01%,1175,
2685,2296,疊,0.00%,2271,
2686,2550,壘,0.00%,2417,
2687,2921,鋤,0.00%,3545,
2688,1730,叢,0.01%,1678,
2689,2027,樸,0.00%,2092,
2690,1731,撲,0.01%,1509,
2691,2028,僕,0.00%,1812,
2692,2298,譜,0.00%,2274,
2693,2551,哄,0.00%,2513,
2694,1445,洪,0.01%,1350,
2695,2871,烘,0.00%,3266,
2696,1732,恭,0.01%,1742,
2697,2552,拱,0.00%,2573,
2698,1149,暴,0.02%,1028,
2699,2872,瀑,0.00%,3195,
2700,1446,爆,0.01%,1243,
2701,1733,殿,0.01%,1555,
2702,1447,戴,0.01%,1228,
2703,1448,翼,0.01%,1294,
2704,2759,糞,0.00%,2884,
2705,2299,撰,0.00%,2300,
2706,2300,啞,0.00%,2368,
2707,2553,壺,0.00%,2518,
2708,2873,蟹,0.00%,3049,
2709,2554,懈,0.00%,2689,
2710,1154,購,0.01%,1078,
2711,1735,溝,0.01%,1610,
2712,2555,鑰,0.00%,2481,
2713,2301,籲,0.00%,2138,
2714,1736,冊,0.01%,1525,
2715,2760,刪,0.00%,2780,
2716,2761,柵,0.00%,2995,
2717,2556,珊,0.00%,2555,
2718,1155,遍,0.02%,1012,
2719,1450,偏,0.01%,1204,
2720,2762,淪,0.00%,2733,
2721,1156,倫,0.02%,970,
2722,1162,抵,0.01%,1119,
2723,2874,氓,0.00%,3060,
2724,2763,哺,0.00%,2810,
2725,1738,鋪,0.01%,1613,
2726,2030,輔,0.00%,2033,
2727,1453,捕,0.01%,1312,
2728,2764,敷,0.00%,2788,
2729,2304,浦,0.00%,2161,
2730,2305,蒲,0.00%,2344,
2731,1454,薄,0.01%,1433,
2732,2765,簿,0.00%,2848,
2733,2031,傅,0.00%,1887,
2734,2557,縛,0.00%,2577,
2735,2032,郭,0.00%,1813,
2736,2766,廓,0.00%,2911,
2737,2558,鄙,0.00%,2510,
2738,1163,耶,0.01%,1174,
2739,1164,爺,0.02%,1007,
2740,2306,郊,0.00%,2351,
2741,1455,邦,0.01%,1363,
2742,2559,綁,0.00%,2421,
2743,1739,郵,0.01%,1652,
2744,1740,鄧,0.01%,1614,
2745,2560,擲,0.00%,2614,
2746,2033,廊,0.00%,2075,
2747,1165,擁,0.01%,1059,
2748,2875,緞,0.00%,3108,
2749,2943,刁,0.00%,3635,
2750,2944,叼,0.00%,3703,
2751,2308,殷,0.00%,2365,
2752,1742,壽,0.01%,1615,
2753,2035,濤,0.00%,2054,
2754,2562,鑄,0.00%,2530,
2755,2563,禱,0.00%,2483,
2756,1743,籌,0.01%,1677,
2757,2767,伺,0.00%,2782,
2758,2036,飼,0.00%,1971,
2759,2309,舶,0.00%,2318,
2760,859,航,0.02%,773,
2761,1458,艇,0.01%,1372,
2762,860,艦,0.02%,851,
2763,2037,艙,0.00%,1846,
2764,1168,沿,0.01%,1182,
2765,2564,鉛,0.00%,2641,
2766,2310,狐,0.00%,2321,
2767,2768,瓣,0.00%,2915,
2768,2567,溢,0.00%,2454,
2769,2770,暇,0.00%,2761,
2770,2038,霞,0.00%,2021,
2771,2039,氧,0.00%,1863,
2772,2040,氛,0.00%,2009,
2773,2876,氯,0.00%,3013,
2774,2568,氫,0.00%,2637,
2775,2312,鞏,0.00%,2384,
2776,2041,霸,0.00%,1838,
2777,2771,壩,0.00%,2786,
2778,1171,勒,0.02%,966,
2779,2877,鞠,0.00%,3037,
2780,2878,靴,0.00%,3091,
2781,2313,鞭,0.00%,2250,
2782,2772,芽,0.00%,2737,
2783,2314,訝,0.00%,2162,
2784,2315,撐,0.00%,2183,
2785,1176,雅,0.01%,1139,
2786,1746,邪,0.01%,1539,
2787,1177,奧,0.02%,972,
2788,1747,澳,0.01%,1627,
2789,2879,懊,0.00%,3212,
2790,1463,悉,0.01%,1428,
2791,2316,竊,0.00%,2103,
2792,869,審,0.03%,746,
2793,2773,嬸,0.00%,2971,
2794,2774,毯,0.00%,2711,
2795,870,毫,0.02%,879,
2796,1748,耗,0.01%,1730,
2797,2044,耕,0.00%,1850,
2798,1749,籍,0.01%,1579,
2799,3023,藉,0.00%,2615,
2800,3024,托,0.02%,799,
2801,2045,畏,0.00%,2039,
2802,2046,喂,0.00%,1988,
2803,2047,脹,0.00%,2083,
2804,1750,帳,0.01%,1603,
2805,2569,肆,0.00%,2445,
2806,3025,鬍,0.02%,806,
2807,3026,鬆,0.02%,895,
2808,2050,鵬,0.00%,1926,
2809,1753,鳴,0.01%,1680,
2810,2051,鴻,0.00%,1924,
2811,2571,鴿,0.00%,2694,
2812,2572,鶴,0.00%,2624,
2813,2775,鶯,0.00%,2902,
2814,2922,鵲,0.00%,3525,
2815,2923,鷗,0.00%,3371,
2816,2320,鴉,0.00%,2397,
2817,2321,鵝,0.00%,2172,
2818,1465,烏,0.01%,1244,
2819,2573,嗚,0.00%,2572,
2820,2776,搗,0.00%,2723,
2821,2322,寓,0.00%,2199,
2822,2052,愚,0.00%,1895,
2823,1466,偶,0.01%,1361,
2824,1467,厲,0.01%,1339,
2825,1468,勵,0.01%,1468,
2826,1754,鋼,0.01%,1609,
2827,1755,崗,0.00%,1795,
2828,2053,綱,0.00%,1934,
2829,2054,逆,0.00%,1975,
2830,2777,溯,0.00%,2762,
2831,2055,塑,0.00%,2038,
2832,2778,缸,0.00%,2817,
2833,2574,罐,0.00%,2410,
2834,2056,鬱,0.00%,1915,
2835,2057,鹽,0.00%,1885,
2836,2575,鹹,0.00%,2525,
2837,2323,掏,0.00%,2218,
2838,2576,淘,0.00%,2499,
2839,1756,陶,0.01%,1601,
2840,2577,謠,0.00%,2600,
2841,2324,冤,0.00%,2396,
2842,2945,饞,0.00%,3844,
2843,2325,挽,0.00%,2222,
2844,2058,勉,0.00%,2078,
2845,2779,橡,0.00%,2871,
2846,2059,豫,0.00%,1956,
2847,1759,騰,0.01%,1635,
2848,1471,碼,0.01%,1345,
2849,2780,馴,0.00%,2820,
2850,1472,瑪,0.01%,1248,
2851,1473,駐,0.01%,1288,
2852,2326,驕,0.00%,2248,
2853,2061,馳,0.00%,2100,
2854,2781,螞,0.00%,2888,
2855,1474,憑,0.01%,1410,
2856,1760,駛,0.01%,1520,
2857,2327,騷,0.00%,2237,
2858,1761,駕,0.01%,1567,
2859,2924,騾,0.00%,3377,
2860,2062,駁,0.00%,2022,
2861,2328,闖,0.00%,2129,
2862,1762,驅,0.01%,1511,
2863,1763,騙,0.01%,1503,
2864,2063,驟,0.00%,2045,
2865,1764,遞,0.01%,1538,
2866,2578,虜,0.00%,2475,
2867,2579,虐,0.00%,2665,
2868,1765,膚,0.00%,1790,
2869,1766,盧,0.01%,1711,
2870,2064,爐,0.00%,1980,
2871,2580,蘆,0.00%,2477,
2872,2581,驢,0.00%,2543,
2873,1767,虧,0.01%,1738,
2874,1475,污,0.01%,1405,
2875,2782,愕,0.00%,2766,
2876,2065,誇,0.00%,1955,
2877,2582,垮,0.00%,2674,
2878,1768,跨,0.00%,1774,
2879,1183,獻,0.01%,1192,
2880,1476,融,0.01%,1225,
2881,1477,隔,0.01%,1319,
2882,2880,濾,0.00%,3249,
2883,1478,慶,0.01%,1269,
2884,2329,薦,0.00%,2367,
2885,1184,傑,0.01%,1129,
2886,2330,瞬,0.00%,2114,
2887,2783,麟,0.00%,2752,
2888,1769,憐,0.01%,1599,
2889,1770,鄰,0.01%,1659,
2890,2583,曬,0.00%,2630,
2891,2331,灑,0.00%,2283,
2892,1479,罷,0.01%,1305,
2893,1185,擺,0.01%,1158,
2894,2066,唇,0.00%,1880,
2895,2067,辱,0.00%,1907,
2896,1188,震,0.01%,1104,
2897,1189,振,0.01%,1140,
2898,2584,魄,0.00%,2511,
2899,2881,槐,0.00%,3120,
2900,2585,魅,0.00%,2662,
2901,2586,瑰,0.00%,2492,
2902,1482,魂,0.01%,1348,
2903,2333,愧,0.00%,2275,
2904,2587,魁,0.00%,2599,
2905,3027,醜,0.00%,1901,
2906,2334,壟,0.00%,2336,
2907,2588,寵,0.00%,2422,
2908,2068,龐,0.00%,1849,
2909,2335,攏,0.00%,2374,
2910,2784,聾,0.00%,2873,
2911,2069,籠,0.00%,1928,
2912,1486,插,0.01%,1495,
2913,1194,毀,0.01%,1160,
2914,2337,舅,0.00%,2375,
2915,2589,樁,0.00%,2491,
2916,2590,鑿,0.00%,2696,
2917,1778,鼠,0.01%,1693,
2918,2591,竄,0.00%,2461,
2919,1487,臘,0.01%,1497,
2920,2592,蠟,0.00%,2593,
2921,1779,獵,0.01%,1687,
2922,1488,艘,0.01%,1470,
2923,2338,嫂,0.00%,2142,
2924,2074,瘦,0.00%,1841,
2925,1780,搜,0.01%,1564,
2926,2593,稻,0.00%,2529,
2927,2594,蹈,0.00%,2659,
2928,2786,滔,0.00%,2760,
2929,1489,陷,0.01%,1262,
2930,2339,焰,0.00%,2259,
2931,2946,餡,0.00%,3765,
2932,1490,輛,0.01%,1375,
2933,2595,瞞,0.00%,2405,
2934,2340,爽,0.00%,2378,
2935,2882,綴,0.00%,3002,
2936,1491,碰,0.01%,1371,
2937,2341,挪,0.00%,2204,
2938,2883,誣,0.00%,3069,
2939,1781,譽,0.01%,1676,
2940,2596,嶼,0.00%,2636,
2941,2075,傻,0.00%,1989,
2942,2342,磚,0.00%,2355,
2943,1782,惠,0.01%,1524,
2944,2926,穗,0.00%,3378,
2945,2787,曠,0.00%,2735,
2946,1492,礦,0.01%,1385,
2947,1195,擴,0.01%,1051,
2948,1783,聰,0.01%,1669,
2949,2788,蔥,0.00%,2907,
2950,1493,膽,0.01%,1352,
2951,2789,瞻,0.00%,2960,
2952,2790,摟,0.00%,2795,
2953,2597,屢,0.00%,2450,
2954,2791,濁,0.00%,2985,
2955,2598,燭,0.00%,2537,
2956,1494,觸,0.01%,1207,
2957,2343,囑,0.00%,2156,
2958,2344,欄,0.00%,2101,
2959,2076,攔,0.00%,1996,
2960,1784,蹤,0.01%,1532,
2961,2345,聳,0.00%,2163,
2962,1785,劑,0.01%,1546,
2963,2599,齋,0.00%,2404,
2964,1786,擠,0.01%,1661,
2965,2600,鈕,0.00%,2685,
2966,2077,羞,0.00%,2048,
2967,1787,紐,0.00%,1767,
2968,2346,脾,0.00%,2223,
2969,2792,啤,0.00%,2849,
2970,2347,碑,0.00%,2203,
2971,1495,赫,0.01%,1346,
2972,1496,嚇,0.01%,1466,
2973,2884,奕,0.00%,3026,
2974,1196,跡,0.01%,1098,
2975,1497,辭,0.01%,1469,
2976,2348,龜,0.00%,2392,
2977,2078,繩,0.00%,1983,
2978,2793,蠅,0.00%,2722,
2979,2795,蝴,0.00%,2964,
2980,2354,蝶,0.00%,2306,
2981,2886,蜘,0.00%,3043,
2982,2606,蛛,0.00%,2653,
2983,2796,駱,0.00%,2856,
2984,2607,駝,0.00%,2638,
2985,2952,蜻,0.00%,4044,
2986,2953,蜓,0.00%,4083,
2987,1795,鳳,0.01%,1504,
2988,2608,凰,0.00%,2453,
2989,2927,橄,0.00%,3493,
2990,2947,欖,0.00%,3607,
2991,1796,玻,0.00%,1769,
2992,2083,璃,0.00%,1894,
2993,2355,咖,0.00%,2379,
2994,2356,啡,0.00%,2326,
2995,2357,葡,0.00%,2130,
2996,2358,萄,0.00%,2210,
2997,2359,吩,0.00%,2299,
2998,2084,咐,0.00%,2093,
2999,2928,乒,0.00%,3447,
3000,2929,乓,0.00%,3502,
3001,2601,崔,0.00%,2552,
3002,1788,曹,0.01%,1570,
3003,898,劉,0.03%,751,
3004,2079,潘,0.00%,2070,
3005,3029,梁,0.01%,1416,
3006,1789,沈,0.01%,1681,
3007,1197,鄭,0.01%,1132,
3008,2349,譚,0.00%,2145,
3009,1198,趙,0.01%,1169,
3010,2350,姚,0.00%,2308,
3011,899,魯,0.02%,898,
3012,3030,姜,0.00%,2394,
3013,3031,范,0.03%,705,
3014,2080,薛,0.00%,1953,
3015,3032,涂,0.01%,1735,
3016,1790,彭,0.01%,1501,
3017,3033,郁,0.00%,1915,
3018,1791,馮,0.01%,1719,
3019,1792,魏,0.01%,1648,
3020,2081,岳,0.00%,1844,
3021,3034,彿,0.02%,771,
3022,2082,莉,0.00%,1878,
3023,2351,湘,0.00%,2245,
3024,2602,甸,0.00%,2588,
3025,2885,滄,0.00%,3023,
3026,1793,穆,0.01%,1683,
3027,1794,娜,0.01%,1584,
3028,2352,瓊,0.00%,2205,
3029,2353,琳,0.00%,2400,
3030,2603,鈞,0.00%,2504,
3031,2604,喲,0.00%,2524,
3032,1199,砲,0.02%,914,
3033,3035,蒐,0.01%,1564,
3034,2605,芙,0.00%,2627,
3035,2794,蓉,0.00%,2779,